ID,text,target
ynat-v1_train_00000,정영석 파파미사일 KT에 이용기간 2년 단축…2분기종료2보,4
ynat-v1_train_00001,검찰청에 로또 당첨자 회장에 2억 달러 송금,3
ynat-v1_train_00002,北 김정은 자주통일 새 시대 열어나가야 보자,2
ynat-v1_train_00004,美대선 앞두고 중국인 단체 발언서 비공개로 감시 강화,6
ynat-v1_train_00007,아가메즈 33득점 우리카드 KB손해보험 완파…3위 굳건,4
ynat-v1_train_00010,이매력 모모랜드 열차…3약·주가 고조진,5
ynat-v1_train_00013,아이폰 X 수리비 2만대…맥북 디스플레이 41%,4
ynat-v1_train_00014,문 대통령 당선자 민관합동사위 설치…철거물 보존·재활용,2
ynat-v1_train_00020,추신수 타율 0.265로 시즌 마감…최지만은 19홈런·6할,1
ynat-v1_train_00021,KIA 이수단·팬들께하는 호흡·감족 한마당 축제,1
ynat-v1_train_00022,현대차 중견 임원 늘려…중세계 리더 보강 육성,3
ynat-v1_train_00023,아시안게임 목소리 높인 박항서 베트남이 일본 못 이길 것,6
ynat-v1_train_00024,서울에 다시 오존주의보…도심·서북·동북권 발령종합,1
ynat-v1_train_00026,SK텔레콤 2분기 영업익 4천105억…21.1％ 증가,5
ynat-v1_train_00027,생명인증법 제안…유전자로 대체 가능,4
ynat-v1_train_00028,GD 이스라엘 강팀 감독으로 축구연맹 W杯 참가,1
ynat-v1_train_00029,프로축구 인천 유니티 35일차 경기 일정,1
ynat-v1_train_00031,세계인무역협회 올해까지 무역인 1천명 배출한다,3
ynat-v1_train_00032,박항서 매직 베트남 축구 대표팀 감독으로 선임…2년 계약,1
ynat-v1_train_00037,dcST C형 생산 인공광원에 초점…기존에 비해 6배 활성화,4
ynat-v1_train_00041,다저스 버츠 감독 류현종 담당 포수…최강팀 만들기,1
ynat-v1_train_00045,김유정 의원 사표 제출 못하고 고위공직사표…특별법제 흔들,3
ynat-v1_train_00046,5자농협 우리은행 삼성명 뺏은 우리직장스타,1
ynat-v1_train_00047,김종인 리먼 사태처럼 6개월 충격 지속…IN을 것,2
ynat-v1_train_00049,인국공과 2019년의 정치 무력 공과…진보인가,3
ynat-v1_train_00050,美MBA 여성 비율 계속 상승…전주까지 19%대 입생 중 여성,6
ynat-v1_train_00052,위클리 스�스플코리아의 한국서 얼마나 벌어지는 거야,4
ynat-v1_train_00053,코로나 대비 등교하는 모습,3
ynat-v1_train_00054,찍은 사진은 즐거웠다…5개 카메라 LG V40 추천,4
ynat-v1_train_00055,스마트폰 실물 막는 스마트 트커,4
ynat-v1_train_00057,문대통령 김정은 트럼프와 9월 조속히 끝내고 성공적으로 마무리한다고 말2합,2
ynat-v1_train_00058,한미 공동 개발하는 유전 치료제 오래솔 美 임상 2차 본격화,6
ynat-v1_train_00059,아사달 트럼프 외교 경험 없다고…오바마도 그랬어,6
ynat-v1_train_00064,유라비아 국제연합 회의 상품교환 합의,5
ynat-v1_train_00065,3부 리수아나·MT北 국제사회서 임명일원화는데 기대종합,2
ynat-v1_train_00066,UEFA 챔스리그 4강 마드리드 더비 성사…레알 vs 아탈란타,0
ynat-v1_train_00067,중국 금리면금 정책 나서…중국금리물리화 나고 지하철 광고기고,6
ynat-v1_train_00069,중선 D1v 울릉도 경관활성화 고용안전 지원 사업,2
ynat-v1_train_00072,독자 반이스라엘 테러 팔레스타인인 강연 차단…비자도 취소,3
ynat-v1_train_00074,월드컵 우천재 사령탑 시시코프 감독 한국전 불참,1
ynat-v1_train_00075,특2차 6호에 대한 코스피 주가 금조달에 52% 신고가,5
ynat-v1_train_00076,北조국통·민주공동전선 결성…2일 중간보고회 열어,2
ynat-v1_train_00077,아프리카일기리스트 사형 선고…법정서 내년 처리 예정,5
ynat-v1_train_00078,대구·경북 고용유지지원금 신청 폭주…2∼3월 7천550건,5
ynat-v1_train_00079,본격카 애스턴마틴 스�라 국내 첫 공개…500대 생산,0
ynat-v1_train_00082,추신수 시즌최다안타·2연차넷타율 0.211,1
ynat-v1_train_00083,홍보 유영준 왕웨이와 직접 조심스러워…중국서 805억원 내다,1
ynat-v1_train_00084,SK한국사이버통신 3분기 영업익 2만원…전기보다 감소,5
ynat-v1_train_00086,미국 이민자 신분 변동 허용…의료 분야로 사전입찰해야,6
ynat-v1_train_00087,수능 6월에 피원 등 울 문서서 첫개한 꽃꽃,0
ynat-v1_train_00091,온천으로 한방 바꾼다…천천한방 스타일 D20,3
ynat-v1_train_00094,멀티골 김순형 프로축구 K리그1 1라운드 MVP,1
ynat-v1_train_00096,LG U+에 구글 Oreo TV…LG 스마트 피커 없으면 사용,4
ynat-v1_train_00097,종이 면면에도 삼중공격…3D 디스플레이로 설득 받는다,4
ynat-v1_train_00098,올해부터 외국어 수업 증원…학생 증원·교원 대체,4
ynat-v1_train_00101,대학농구리그 8일 고려대중앙대 경주 개막,1
ynat-v1_train_00103,北도통 2자자체 통대역 교육·연구목적용 北허가,5
ynat-v1_train_00105,한국관광공사·업무협약 체결,3
ynat-v1_train_00107,프랑스 마크롱의 이란 대응 G7 정상회의 주제,6
ynat-v1_train_00109,北독멈춤선 데스수원대면점·2차 인도 무산,5
ynat-v1_train_00112,與비박계 내일 단일당…개혁보수신당·당추진위 동동,2
ynat-v1_train_00113,신간 베스트셀러가 자본주의 법칙…코뮤니스트의 33,0
ynat-v1_train_00120,朴대통령 北의각한 균형조짐…안동요 가리키는 북종합,2
ynat-v1_train_00121,손경眞 중국 회장에 스마트폰관광 협력방안 제의,5
ynat-v1_train_00122,대통령·시도지사 일일리더리언…지역경제 고용안정 주역종합,2
ynat-v1_train_00123,157㎞ 조정선동 1독과 함께…전국 조정선수권 대회 5전왕에 도전,1
ynat-v1_train_00125,프로배구 대니팀 코치진 구성 완료…트레이너에 정기혁,1
ynat-v1_train_00126,날씨 미세먼지 보통 수준…오후부터 많이지고 곳곳 12일,0
ynat-v1_train_00127,선두도 공사 GS칼텍스 승리…현대·KT 탈주로 연승합체,1
ynat-v1_train_00128,수원 이원일 인하대 수석생 확정 잇다…교원 당국서 각종,3
ynat-v1_train_00130,갤럭시S3 아이폰4S 아이폰5 출시 앞두고 대비 이벤트,4
ynat-v1_train_00133,이씨 등 4년 연속 증권업계 1위…시가총액 4.8%↑,5
ynat-v1_train_00134,코오롱플라스틱 1분기 연결 영업익 58억원…138%↑,6
ynat-v1_train_00141,알림톡 무단 송출·수신자 정보 유출…카톡 이용자 주의종합,4
ynat-v1_train_00142,朴대통령 與 TK 국회의원과 110분 면담…사드 민심 청취,0
ynat-v1_train_00143,지소미아 종료까지 8일…美 압박 속 고민 깊어지는 文대통령,4
ynat-v1_train_00146,친박 원내대표 선거 유세 단단화…홍문관·정무조정본부도 종합,2
ynat-v1_train_00147,도자기 작품 공모전 관람객들,0
ynat-v1_train_00149,분당구청장 선거구 확정…3·1 야권 대선포럼종합,2
ynat-v1_train_00152,김정은 향후 이란시찰,2
ynat-v1_train_00154,2개월 전보다 74% 감소해…전년보도 3.1%↓,5
ynat-v1_train_00155,한국수협은행 공공주택 보유자 금리 인하…저출산 지원,5
ynat-v1_train_00157,사법부 판결…불법가리기 6년간 공무원 1만명 조사·처理,3
ynat-v1_train_00158,최고의원중앙위원회 제2차정례회의에 교원법 개정안하는 것으로종합,2
ynat-v1_train_00159,中청정도 지방민 투어 실태 조사 착수,6
ynat-v1_train_00161,SK하이패스 카드온라인 교육 개강좌 공동 개설,3
ynat-v1_train_00163,그린픽 서울시 일강수량 예측 시스템,0
ynat-v1_train_00168,말말하는 여행 아이들의 감성…사랑을 반영하는 사진,0
ynat-v1_train_00169,금융사채 시장 2조900억원…전주대비 55%↑,5
ynat-v1_train_00170,아디다스 4월 수출 그달 영입…4년전 7천34만 달러,1
ynat-v1_train_00174,페이오 미국 중동서 이란 국방장관 암살 시도…이란 고발 강력종합,6
ynat-v1_train_00177,명절 옮겨서 는 즐거움…필사 3문 지문으로 보낸다,0
ynat-v1_train_00178,한미FTA 파급효과 동반성장 협력식,5
ynat-v1_train_00179,한국 아역 13명 일본의 희생자와 기도…연극 통해,0
ynat-v1_train_00180,LG전자 러시아 타사 고객 대상 갤럭시S8 테스트 중,4
ynat-v1_train_00181,사유인터넷 신호 보급… 미래 먹거리로 보자,4
ynat-v1_train_00187,반기문 유엔 사무총장 관저에 리자몽 부부 초대 만찬…2년전 약속지켜,6
ynat-v1_train_00188,새누리 원내대표 CL 화제는 여소야대·계파,2
ynat-v1_train_00190,등 롯데 수영대회 앞두고 수영경쟁,3
ynat-v1_train_00192,SPT뚝 떨어진 4출전…팀에 대한 평가도 6할로 평가,0
ynat-v1_train_00196,UCL 8강대전 발렌시아…바르셀로나 뮌헨 맞대전,1
ynat-v1_train_00197,남북정상회담 준비가 생명…남북 리허설 또 리허설,2
ynat-v1_train_00199,현대차 현대차증권 MMT 300억원 매수,2
ynat-v1_train_00200,갤럭시7 3월부터 5만까지만 환불…2만원도 보상,4
ynat-v1_train_00202,KBS 월화드라마 나 혼자만의 세계 속 4% 시청률 상승,3
ynat-v1_train_00203,KB증권 오리온 중간 성장둔점…목표가↓,5
ynat-v1_train_00204,유튜버 공공기관 손에 독재…유튜バー 집 명패에 넘는다,3
ynat-v1_train_00206,이란 드론크루즈 미사일 친이시설 공격 목표에 변경,6
ynat-v1_train_00207,故문중원 기수 대책위 정부가 나서라…靑 인근까지 상여 행진,0
ynat-v1_train_00209,與 몽니·뉴욕두 친구 선보여서 감사…트럼프 동참 美당 압박,2
ynat-v1_train_00210,인도군 진군 오전 11시30분 군주 보해종종,0
ynat-v1_train_00213,아시안게임 키르기스스탄전 앞둔 김학범 스스로 만든 게임,4
ynat-v1_train_00214,이은 문체적 표현 풍부했지만 맹독이 넘는 문장·질문 행사종합,3
ynat-v1_train_00215,폭력 없는 야구 보러 오려는 시민…종합화교관 전시 인기,0
ynat-v1_train_00216,美 대고지·반정시·에 美사주한 시간,6
ynat-v1_train_00217,KIA 선발0장 남자 배터리 올스타 출전 충분히 가능하겠다,1
ynat-v1_train_00218,MLB닷컴 개막전 스위스 1차전 이원은·류현진,1
ynat-v1_train_00219,여권 블라블라 드롭킥 3라운드…브라질 미드필더 대타,1
ynat-v1_train_00221,경북 6개 시·군 오전4시 대설주의보 발령,0
ynat-v1_train_00225,20대점 박철원7점차 크게 앞더니 온몸에 쥐났어요,1
ynat-v1_train_00228,미래통합당 사민화로 상대로…상황화 돌입,4
ynat-v1_train_00231,아르헨티나 쉽게 열리지 않는 멕시코 골문,1
ynat-v1_train_00233,아이폰8 예약 시작,4
ynat-v1_train_00236,이영길 민주당 파란 외치자…2번 더 당선승부종합,3
ynat-v1_train_00237,출마금지 제3공화국 홍보에…투표해주세요,6
ynat-v1_train_00238,문 대통령 영국 임시유치 헌법에 반하는 7개국 정부들과 대화,2
ynat-v1_train_00239,최현우 SKT 헬로비전 프로병력 선사에 더 연연종합,5
ynat-v1_train_00241,SKT 모바일 시큐리티 5G 로드 돌파,4
ynat-v1_train_00243,코스타자베스 여론 정치권에 대화 트 타협 촉구,6
ynat-v1_train_00244,LG전자 전기차 맞먹을 사양 강력 전소전략,6
ynat-v1_train_00245,MLB 명장 바비 콕스 3년간 로스앤젤레스,1
ynat-v1_train_00246,印공사 파키스탄 내 4개 공사 중단…기타 공사 고조종합,6
ynat-v1_train_00249,朴대통령 北후방테러 대비위해 방어방지법 제정할 것,2
ynat-v1_train_00250,민주정사 앞서 북미정상회담에 희망…야당 힘 모아야,2
ynat-v1_train_00251,삼성·애플·LG·구글 스마트폰 가을대전 임박,0
ynat-v1_train_00256,게리판 베이직 교육TV 앱…핑크퐁 튜토리얼 출시,4
ynat-v1_train_00257,언론인·조기교육·장애인…시민 폭력에 희생되는 시인,3
ynat-v1_train_00261,與 7위·혁신정 출마…박원순 발작 작용한 듯,2
ynat-v1_train_00264,대우조선해양 4천199억원 규모 LNG 운송선 2척 수주,3
ynat-v1_train_00266,일본 여성 주권 인류무형문화유산 등록해제화를 요구하다…4.4㎞ 도비행종합종합,0
ynat-v1_train_00268,그린픽 S-57E에 리 결함,4
ynat-v1_train_00274,韓 물가 7% 초미세먼지·세계 최악…관세조절 걸림돌,3
ynat-v1_train_00276,추석 황금연휴 기간해 고속버스 이용권 무료로 드려야,0
ynat-v1_train_00278,M0 AI 선호인구 분포…서울·원주 원천으로 투자종합,4
ynat-v1_train_00280,전대통령 호치민 거소 방문…호 주석 본인도 부패 없어종 것,2
ynat-v1_train_00284,연천 영하 9.1도…경북 오후부도 강수위 풀려,0
ynat-v1_train_00287,뉴스보도8부 내일 6시8일 일본 도호쿠 지역 화재 대피제,0
ynat-v1_train_00290,한국 여행 제주 취향 따라 나자…대야 날릴색 계곡·제주다 축제,0
ynat-v1_train_00291,코스피 코데컴바인서 주가 상승…코스닥도 전반적 상승종합,5
ynat-v1_train_00296,송영섭 2회전국구 출전…전국구 출전만으로 선발,2
ynat-v1_train_00298,리얼에겐 인격적 소통력 중요…과제만중독불가 군형은 NO,0
ynat-v1_train_00299,푸트 살만 사우디 왕과 협상…유시제 협상 지속 합의종합,6
ynat-v1_train_00301,아시안게임 응원석엔 하나된 함성 벤치엔 우정의 미소…종합,2
ynat-v1_train_00303,아랍권 반테란 정상회의 열려 이란 맹공격종합,6
ynat-v1_train_00305,답답한 미세먼지 주범은 우리나라…경기 초미세먼지 주로 우리나라,0
ynat-v1_train_00307,광주 북구 취미계약서 작성·나눔,3
ynat-v1_train_00312,朴대통령 한불 비즈니스포럼·K콘 참석…파리서 경제·문화외교,0
ynat-v1_train_00313,공사기간·비용 등 1차 협의…정기회의 마감에 주목,5
ynat-v1_train_00317,탈북 도와준 한국계영화감독 국가공로훈장 수여,6
ynat-v1_train_00323,청원율 1위 김어준 뉴스토밍 공장 청취…정말 좋았어,3
ynat-v1_train_00324,프란시스코 정부 해체 위험…산전 선한이 위험…승리로 통과,1
ynat-v1_train_00325,그린픽 선택권 가상현실화율 95% 산정,5
ynat-v1_train_00327,3일 국회 연예문화위원회 의원들과 토론은 문화연예위원회,2
ynat-v1_train_00329,김정은 평양서 제2차 과학자거리 열람 지시,2
ynat-v1_train_00330,KT Be Y 폰 2 단독 출시,3
ynat-v1_train_00334,중소기업 경기전망 부정적…인건비 올라가서 최대 애로,5
ynat-v1_train_00335,승승하러 왔죠…전광인 우승 한 풀발 프로 야구,1
ynat-v1_train_00337,與 대구·경북 공천면접심사…현역 vs 진박 격돌,3
ynat-v1_train_00341,융커·중장급 8국 질서 유지…북한탈조 가능성 낙관하지는 않아,6
ynat-v1_train_00347,JT디비드차이전 발발 당일 유대인에 평등원 손편지,6
ynat-v1_train_00348,美 2차배당금 문 다시 열어…라스무센 美대사 테스트 포로,6
ynat-v1_train_00350,NBA 휴스턴 3연패 Wr50점 레이오너에 패 진출1승·2연패종료,1
ynat-v1_train_00351,민주당 선거권 보장…친노 지역구에 특별조치…전면전 선포,2
ynat-v1_train_00356,조코위 김정은 북K여자·남자·남북민족통일올림픽 개최 내년하반기,3
ynat-v1_train_00358,이란 핵개발에 반발…미 대북 맞대응,6
ynat-v1_train_00362,프로야구 롯데 상문서독 2루수 사직구장에 도전,1
ynat-v1_train_00364,프로야구 김재범호 6차 상대 선기 선탄 바른인물상2보,1
ynat-v1_train_00368,삼성 반도체 1분기도 반등…전기순항할 것,5
ynat-v1_train_00369,N&v엔터 이코 가입 완료…제휴 서비스할 것,4
ynat-v1_train_00370,한화건설 주택브랜드 공작소 론칭,3
ynat-v1_train_00376,서강대 로봇팀 YG핀 상용화 기술 개발…세계 최초 개발,4
ynat-v1_train_00378,중화인민공화국 정부들에 핵 규탄 공동성명서 채택,2
ynat-v1_train_00379,이재용서 국정 강조…민간인 캐스팅 다서 정치적 의혹 비판,6
ynat-v1_train_00381,靑 어제 결론정정하든 법적조치해서 해결·정무감사 사안은 수용,2
ynat-v1_train_00382,朴대통령 국회연설 북한 54회·핵 23회…대화는 제로종합,5
ynat-v1_train_00386,거창소프트 Z 엔지니어링 사업부 중견기업부설연구기관,3
ynat-v1_train_00389,법정리 주목 선정현상 …해상선주 큰손실 예고,5
ynat-v1_train_00391,SK텔레콤 통신망 장애시 양자암호키 재발급 전환 기대開発,4
ynat-v1_train_00392,조직 없는 에어비앤비 아우스트리아 시범운행,6
ynat-v1_train_00394,8시부터 군경 시리아 국경 순찰…북한 뒤로,6
ynat-v1_train_00398,영문운전면허증 발급 가능,3
ynat-v1_train_00399,이대원 운전하는 NH농협카드 AI로 된 드론 고속도로에 도입,0
ynat-v1_train_00400,신간 마르크의 철학과 한국의 인문학,0
ynat-v1_train_00401,손정우 희생자 가족 법원에 남북통일 제안 자청종합,2
ynat-v1_train_00405,현장실습 노력 ABP재활 방안 구현종합견학,3
ynat-v1_train_00418,신문 촛불의 눈으로 3월 동북아 이야기,0
ynat-v1_train_00421,문대통령 독립운동 역사 공유하면 北의 역사도 가까워져야,2
ynat-v1_train_00423,안경은 채용 보류기록 안되고…경찰관 공채 신체검증 논란,3
ynat-v1_train_00430,총선 5개월 앞인데 선거구 정안갯ない…정치인 발동,2
ynat-v1_train_00432,사진 美전 아노운 노무라 이와이 도시로 특별,0
ynat-v1_train_00434,에버튼 득점왕 1순위 루카쿠 몸값 2억원에 계약,1
ynat-v1_train_00436,김정은 절반 이상의 특수전력 동력로로드먼트 나서 북가포전투,1
ynat-v1_train_00438,톈안먼 진압 당시 中장교 공개 참회…6·4 기억해야,5
ynat-v1_train_00439,경기도 첫 공직활용 규제된 업체 협력종료,3
ynat-v1_train_00440,LG수비 타점·타점율 1K씩…LG 4연승,1
ynat-v1_train_00441,제2회 생각되는 언론인상 수상자 발표,3
ynat-v1_train_00443,이란 정권정변 시도 배후 北력 대규모 공격 작전…안정 회복,6
ynat-v1_train_00445,더싼 몸 아센트로 최소화…적요금 6천7백만원에,1
ynat-v1_train_00446,금융감독원 개인투자자 지분 3%대 소액투자자 5%대,5
ynat-v1_train_00447,세종시 여성력 강화 여성재활용·재활용 유도 등 지속화,3
ynat-v1_train_00449,증시신문 美투운이 美뉴욕주식시장 오랜시간 투자하는 펀드,5
ynat-v1_train_00450,한화 뉴스 신인도전 2차 중계…2834명 16% 증가,3
ynat-v1_train_00451,MLB 호지슨 4년 연장 올스타전 홈구장 데뷔전 진출,1
ynat-v1_train_00452,돌아온 추위 전북 최저 영하 7.8도…2∼5㎝ 눈,4
ynat-v1_train_00453,英장관 선거명시공개 반기…브렉시트 없으면 연기지지,6
ynat-v1_train_00454,독일의 ZDF 아우토반 도로에 광고 붙이기,6
ynat-v1_train_00455,박근혜 국정수요전환위해 내각총리직 사양 어렵다,2
ynat-v1_train_00456,아르테밍씨는 인생 아르테밍틴 백과사전 구조했다,3
ynat-v1_train_00458,베트남 전역 맑아 가을씨전해준 내년처럼 될까…아직 고비,0
ynat-v1_train_00459,트럼프 日베트남 동맹하면 무기·무역적자 불발종2,2
ynat-v1_train_00460,철원되는 산불피해 주민 보상자리,3
ynat-v1_train_00461,경북 구미안·거북선 활성화 관광에 1대1 맞대면 도로 추진,3
ynat-v1_train_00462,KT와 m반 개발 Ag2O성인식 기반 플랫폼,4
ynat-v1_train_00466,감사원 수석과학관서 연구보다 워크숍·강연,3
ynat-v1_train_00470,애플 올해 출시된 iPhone XR 3개종류,4
ynat-v1_train_00471,LG전자 중소기업에 AI·IoT 기술폼 공유·연계격 공개,4
ynat-v1_train_00475,콘텐츠 왜 나한텐 궁금해 페이스북은 무엇을 알려줘,4
ynat-v1_train_00476,아파트 예비구매자서 분양 끝장…거래량 찔끔,5
ynat-v1_train_00477,당정3지 카바라 러시아서 연말 특급의례…연말성공적종합검증종합구성,3
ynat-v1_train_00479,골든스테이트 클블블루스 4년만에 NBA 결승전서 만날까,1
ynat-v1_train_00480,국회의원 당선자 보성·분배·선진화로 경쟁력 강화한다,2
ynat-v1_train_00482,노벨상 수학자 말하듯 노벨화학회…세계 과학자 대회 개막,6
ynat-v1_train_00483,G20정상회의 균형 심각한 목소리 내낸다,6
ynat-v1_train_00484,KBO리그 폴록 3점포 다저스 6연승…4연승,1
ynat-v1_train_00485,아시안컵 한국 여자축구대표팀 4강에 진출,1
ynat-v1_train_00486,게시판 예산 독거노인 돕기 고치기 봉사활동,3
ynat-v1_train_00489,시판 주금공 한국의 주목받는 금융 70%종합,5
ynat-v1_train_00490,뉴질랜드 대학 시위 지지 학자 中본토 학자들 규탄,6
ynat-v1_train_00491,11월 주식 발행액 전월비 60% 증가…IPO·유상증자↑,4
ynat-v1_train_00493,김민황 4연투서 한투와 이대호와 함께 첫 승리 도와주었다,1
ynat-v1_train_00495,아스날 20년만에 리그 우승…아스널 20년만에 리그 우승…아스날 20년만에 리그 우승…아스날 20년만에 리그 우승…아스날 20년만에 리그 우승…아스날 20년만에 리그 우승…아스날 20년만에 리그 우승…아스날 20년만에 리그 우승…아스날 20년만에 리그 우승…아스날 20년만에 리그 우승…아스날 20년만에 리그 우승…아스날 20년만에 리그 우승…아스날 20년만에 리그 우승…아스날 20년만에 리그,1
ynat-v1_train_00498,베르트셀러는 삶의 무게가 무엇인가…6주째 죽고싶어,0
ynat-v1_train_00499,신간 피카소의 시대,0
ynat-v1_train_00502,1일부터 청년회전쟁 여소 여국에서 열리는 패션쇼,2
ynat-v1_train_00505,갤럭시노트9 나는 갤럭시노트9 맞아 준비한창…5천여명 몰릴 예정,4
ynat-v1_train_00510,LH 3억원 규모 부동산 못판다…중간투자 3조원에 매각종합,5
ynat-v1_train_00511,미래에셋대우 신한금융 실적배당 목표주가 상향종합,5
ynat-v1_train_00512,국회사무처 美 8·추석츠 대·뉴욕시립대·미즈칼리지와 MOU,2
ynat-v1_train_00513,軍 사이버도박 증가 추세…올해만 40건 적발,1
ynat-v1_train_00514,인천서 첫 공항노조 파업…력평가종합2일째종료,3
ynat-v1_train_00515,靑 美中초 대북사 파해 발표서훈 국정과 유력종합,2
ynat-v1_train_00516,게이밍센터 전문·편입생 모집 오픈카톡 이벤트 진행,3
ynat-v1_train_00518,kt 2퍼센트 실점 점유율…2연승에 안성맞춤 무실점,1
ynat-v1_train_00520,콘텐츠 제작 제안서 수요조사 위로…통신업계 협의종합,4
ynat-v1_train_00521,美리 힌은 日에 도착…23일부터 일본서 고위급 경제화,6
ynat-v1_train_00523,LG G6 성장 갤S8 제치고 2Q 모바일 영상 시장 1위종합,5
ynat-v1_train_00524,K리그 유니버스 아란에 15연 패수모…2부리그 탈출,1
ynat-v1_train_00525,朴대통령 日오바를 길은·북에 제안 北경고·中압박종합,2
ynat-v1_train_00526,오바마 대통령은 북한의 방사로에 대한 제제…위협으로 대처한 것,6
ynat-v1_train_00527,롯데건설 폐수 슬러지 건조기술 환경친화서 녹색인증,5
ynat-v1_train_00528,朴대통령 북핵은 제턱밑 비핵화 해결 않으면 한미에 큰 피해,2
ynat-v1_train_00530,아시안게임 여자축구 인도네시아 상대로 손화연·이현영 등2명종합,1
ynat-v1_train_00531,부산교육청 공식종합자 등 7개 과제에 공무직 196명 채용,3
ynat-v1_train_00532,아베 총리 만난 중국 대표 국방장치 위협 주장…합의,6
ynat-v1_train_00533,None None None None None None,4
ynat-v1_train_00539,2년간 EBS 크리스마스 노래대사 4명 정정,3
ynat-v1_train_00541,한국문협 제6회상에 임훈 안순·김육 등 박예명,0
ynat-v1_train_00543,구름 사이로 또 한 해가 오리면 충남 해넘어 명소 북구,0
ynat-v1_train_00546,사우디 석유 수출가치 8~9월 달러로 좁아야,6
ynat-v1_train_00547,폭우 갇힌 주민 이산마을로 함께 돌아온 건 감사,0
ynat-v1_train_00548,中 국방장관 사드 관련 언급…북역량 강화 심각종합2,6
ynat-v1_train_00550,北조선 피격한 드론 추종…끓어오르는 호모즈 해협,6
ynat-v1_train_00551,Eg한미훈련 중단 고려할 것 美협상…국방부 성명종합,2
ynat-v1_train_00552,회계사 반반 경기상반보다 더정리,5
ynat-v1_train_00554,홍남기 경제차관 나서 수술…안정관리 검증,2
ynat-v1_train_00556,아프리카TV 플랫폼 시장 공략…엔터소프트와 제휴,4
ynat-v1_train_00557,이란호텔 진시발사에 천안함까지도 공격 큰 위협,4
ynat-v1_train_00559,양정상회담 문 대통령 북 원에 모감주…무기력…정말 말은 번복종합,2
ynat-v1_train_00560,성신서위반 교직자 증가…교황청 규리지침 존재한당,3
ynat-v1_train_00562,위클리 스마트 어린이날 과학관에 행사 다채,0
ynat-v1_train_00565,KI에서 암 나누는 질 개발…이미저자쏘는 Dr0쥐실장으로 확대,4
ynat-v1_train_00567,코로나19 산속 달러 강세…달러선물 10% 이상 익률 보인다,5
ynat-v1_train_00568,중학 사회 bY<수정위 제안…과학과 과2다,4
ynat-v1_train_00570,고영 해임라기보다 시급하게 고용노동 장관 사임하라,0
ynat-v1_train_00571,신간 ‘데리러 가는 정치·포퓰리즘의 주인공?’,0
ynat-v1_train_00572,특검 이화대 총장 및 관계자 사무실·택배함 등 여성색 보도,3
ynat-v1_train_00578,美국민당 당내 성추문부터 출당·제명하라,2
ynat-v1_train_00579,英의 총리 혼란에 美 등 독립된佛…비난한 입장 제외해 합의,6
ynat-v1_train_00580,푸틴 시민회 반대하는 북한 테러법에 반대에 서명,6
ynat-v1_train_00581,전북 1일간 북부 영하 14도…전남 낮부도 평년기온,0
ynat-v1_train_00586,오카다 권투 복귀…다리 소화 반등,5
ynat-v1_train_00588,쌍대적 호주·중동거래처 찾기…중요종목에 우선,5
ynat-v1_train_00589,與 오늘 전대투표 막 올라…4파전 승자 판가름,0
ynat-v1_train_00590,무역환율에서 보까져…미국 대쟁 보복으로 전선 확대종합2보,5
ynat-v1_train_00591,시진핑 낙원지구서 민생행보 10일까지 계속…빈자해소,6
ynat-v1_train_00593,김부겸 내전 여부 이달안 결정…단기안전앞장서 얘기종합,2
ynat-v1_train_00596,살기 힘없다 세계 집값 10년간 50%↑…韓 30년새 3배로↑,5
ynat-v1_train_00597,이란 핵합의 명운 결정건 막판 꽃보다 촉…美 등용…정건 협상,6
ynat-v1_train_00600,한해동안 느낌있는 글 올려주세요,0
ynat-v1_train_00604,한국 여자축구 아시안컵 한일전 4무 승부 첫 승 무산종합,1
ynat-v1_train_00606,靑 김기식 논문 정면돌파 태세선관위 권해석 결과가 충분,2
ynat-v1_train_00611,강원전교조 집중투쟁 원인 개입…공무원 인사 개혁 필요종합,3
ynat-v1_train_00612,SK하이닉스 삼성전자 트렌드 긍정 평가…결합수요 증가,4
ynat-v1_train_00614,프로농구 샐리캡 4Q에 인상…1억 오른연봉24억,1
ynat-v1_train_00615,티맥스 인공지능·AI 산업지능으로 생활·생활 혁신,4
ynat-v1_train_00618,기자 이란 해병대·목사…이란 대통령 수사 만에 자진 사임은 미국 정부들,6
ynat-v1_train_00620,뉴스1 북부 지방 시·군 긴급재난지원금 1시간만에 신청종합,0
ynat-v1_train_00622,아시안게임 체육 코리아 마우스서 여학생농구 경기시작,1
ynat-v1_train_00624,사건 실황을 영화로…극화된 실화극,0
ynat-v1_train_00625,손흥민의 토트넘 챔스리그 레알 마드리드와한판,1
ynat-v1_train_00626,이란 반정 9위서 대통령 관저서 771명 체포…주모자 1명,6
ynat-v1_train_00628,메시 이란과의 1/8일 경기…바르사 빌바오와 1·2월 두 경기질주,1
ynat-v1_train_00632,北 마라톤 선수단 올림픽참가 자격위협하는 행위,2
ynat-v1_train_00635,이재용 제안 수수료 이한샘에 상여금으로 전환…소년재단 9억원 기부,1
ynat-v1_train_00637,北 무수단 미사일 발사준비…군 도발 대비 감시강화종합,1
ynat-v1_train_00639,中 선제적 입막음…삼성·IBM·LG 사이버안전 논의에 끌어들여,6
ynat-v1_train_00641,김정은 평양하노이 어떻게 갈까…용기 고대·기차 분분,2
ynat-v1_train_00642,만3신간 한강의 이야기·서울의 올림픽,0
ynat-v1_train_00643,림픽 컬링 예선전 개최하겠다 낙낙연 총리,1
ynat-v1_train_00646,SK하이패스 반도체 설계전문 기업과 기술협력,4
ynat-v1_train_00647,무급휴가·휴직 3개월 이상만 해도 고용유지지원 준다,3
ynat-v1_train_00648,서울거래량 1위한 역세권은 신반포역…3.5%㎡당 1억 육박,5
ynat-v1_train_00649,MWC 스키점프에서 Vev도 한발로 글라데르1단계 아파나다,4
ynat-v1_train_00653,다시 라이트로 김희진 올림픽 본선 진출과 메달만 보고...,5
ynat-v1_train_00654,Kremlin궁 김정은 8월下半 러시아 방문예정,2
ynat-v1_train_00655,백신접종 반대 집회서 폭력사건 발생…흉구로 공격,6
ynat-v1_train_00656,과 소설·과지의 과학이 쓴 과학 개론서,0
ynat-v1_train_00659,또 불법이*K…갤럭시S9 1만8천만원,4
ynat-v1_train_00664,SKT 현대차·현대모비스 주식 90% 투입…경영 강화에 합의,5
ynat-v1_train_00667,보수논객 변희재 경찰서 수속심사·블릿팅 조치…정치혐의,3
ynat-v1_train_00670,美J반 北사우디 공격에 반대…사우디디플로마티아 제안종합,6
ynat-v1_train_00671,오늘 4·18 개교 등교식에서 송도에서 열리는 곳용역 공모,3
ynat-v1_train_00672,사고로 눈치보는 눈치…2스피싱범 검찰 기소 첫 사례,3
ynat-v1_train_00673,文대통령 北목선 경계못하고 국민께 제대로 못알려…철저 점검종합,0
ynat-v1_train_00674,네이버 美 유튜버 지하철로 2회 방송…문체부 2편 호평,4
ynat-v1_train_00675,반전 P2PE하는 삼성·삼성전자 휴대폰을 중심으로,1
ynat-v1_train_00679,KBL 21경기 안드로닉 3점대 발판잡은 후…5연승,1
ynat-v1_train_00682,이란 최고지도자 예멘군 지지 표명…사우디·이란은 범죄자,6
ynat-v1_train_00683,이정규가 가장 먼저 타격2연타 홈런…김재박에 연패,1
ynat-v1_train_00685,충남2차 충청권 광객 버스 충돌…1명 중상,6
ynat-v1_train_00686,넥슨 게임버스 진출 개발사 아이펀팩토리에 전반적 투자,4
ynat-v1_train_00690,대신 연구 데미켈로프 자사주 소각 긍정적,5
ynat-v1_train_00693,2년 전 다가온 5일 북한의 4포사격…3월2일까지 경계,0
ynat-v1_train_00694,11월 첫 주말 가을 정체기 더 기다려…4일 전까지 야외로,0
ynat-v1_train_00696,처음으로 나눠먹는 식당 대형마트 내부에 전개,3
ynat-v1_train_00698,공지영 11년만의 소설 출간…할머니도 죽지 않는다,0
ynat-v1_train_00700,10월 세계에서 가장 많이 팔린 스마트폰은 아이폰종합,5
ynat-v1_train_00703,세종의 대국구글 수뇌부 서부지방집결 알파벳 자리,4
ynat-v1_train_00704,아시안컵 온 형님들 염기훈 근황…부상 날린 멀티골 활약,1
ynat-v1_train_00707,3주년 경찰의 날 감사제,3
ynat-v1_train_00711,심청전 완성 장문…한중의 본질에 닿고 생각하니,0
ynat-v1_train_00714,IBK증권 손해 실적 개선…업종 최다주,5
ynat-v1_train_00715,YTN 사장단 천만원회 7명 늘려,3
ynat-v1_train_00717,기중기 개발팀 기중기 7t7t 세계최대 용량,0
ynat-v1_train_00719,프로농구 선수 윤호영 어깨 수술비 6500만원 지원,1
ynat-v1_train_00720,김관엽 與 연동형 대거투표 말 바꿈…통합당이 나서야,2
ynat-v1_train_00721,朴대통령 원연연 입장때 5분 기대…4차례 수수께끼*,2
ynat-v1_train_00722,홍보과격 시청자제보에 3천만원 현금 걸렸다,6
ynat-v1_train_00723,축구 감독 불공平한표 출제 수석 코치 학영 승부조작 혐의로 압수,1
ynat-v1_train_00724,KB금융 차기 상장 최종보고서 발표…시장 실적 등급 성공적합,5
ynat-v1_train_00726,갤노트8 중고 노트7…이미 팔린 50만대 어떡해 나눠,4
ynat-v1_train_00729,32만중인 관광객 39% 감소…사우디 복귀 영향종종,3
ynat-v1_train_00730,서귀포자치구 한곳에서 아프리카돼지열병 발생…감염 추월,5
ynat-v1_train_00732,김정은 5일 전북경남에 첫방문 안기며 북도약종합전선화,1
ynat-v1_train_00733,2만96일째 기아연속 판매1위…탱킹이란 연속,1
ynat-v1_train_00735,MLB 투수 디디구엘 2분간 사상 최단 2.5초,5
ynat-v1_train_00736,문 대통령 국정지지도 74%…지난주보다 3% 상승갤럽종합,1
ynat-v1_train_00738,문대통령 북미담판 성과로 평양제도 수립·북미수교 확정,2
ynat-v1_train_00739,이란 신비스 장애로 5년여간 천연가스 생산 중단,4
ynat-v1_train_00740,짱기원 리얼스타 스피커 누구야…8인기가PCTV로 통편성,4
ynat-v1_train_00741,게시판 SKT AI 콘퍼런스 ai.x 2019 개최,6
ynat-v1_train_00742,에스티로템 16조4억 규모 DS플랫폼 제조장비 공급계약,5
ynat-v1_train_00743,KBS 아나운서 성희롱 해소…방송위 권고안 승용,3
ynat-v1_train_00744,한국주식시장 朴 대통령의 경제정책도 긍정 상승한 42%,2
ynat-v1_train_00745,서울 표준주택 공시가 17.75%↑…15억 초과 고가주택 정밀 조준종합2보,4
ynat-v1_train_00747,美 국무장관단·中 대표단 방북 평화통일길에 큰 기회,2
ynat-v1_train_00748,10∼20대는 유튜브 세대…하루 4.4회 52분 본다,4
ynat-v1_train_00749,영상 르류현진 베이스랑 포수 마틴과 출전…팀은 51.7,1
ynat-v1_train_00751,김탁 감독력향상 위해 팀 배구표팀 전임 독자적 지원하겠다,1
ynat-v1_train_00752,SK신망 5G단지점서 미국까지…세계 5G 올림픽 눈앞,4
ynat-v1_train_00755,야구 3일차 안에서 더 생생한…LGU＋ 프로야구 중,1
ynat-v1_train_00756,美국정사개혁 명분정권은 맛이 맞지…인적·재정적 지원 안돼,2
ynat-v1_train_00757,아이디아 Z티비·SKG 시청자 박스 서비스 시작,4
ynat-v1_train_00759,佛해외령 기아나 노조 대표단 기자회견 무산한 점으로 농성,6
ynat-v1_train_00760,김병호 97년생 최초 한일 프로리그…1라운드 DtWrE 연장,1
ynat-v1_train_00761,美이란 제재 해제 직전 감정 교환…美 자체調整함종합보,6
ynat-v1_train_00765,갤S9 Q급 전원패키지 나왔다…5천원 한정판매종합2종,4
ynat-v1_train_00766,LG 타블릿 LG G4 음성인식 위한 최고의 스마트폰,4
ynat-v1_train_00767,SK최대9시즌 매출 1.4트리밤의전쟁 2배 증가,3
ynat-v1_train_00768,고속도로 5월 1일부터 고속도로 휴게소 무료 이용,3
ynat-v1_train_00769,원스토어 앱 유통 수수료 인하…30%→5%까지,0
ynat-v1_train_00770,갤럭시 S4 LTE 4G 블랙 블루 두 가지 색상 출시,4
ynat-v1_train_00771,美대법장 G(EM 사간영장정식담판…법원재開 완료 논의할 듯종합,2
ynat-v1_train_00774,불교에서 육식 언제 금지됐을까,0
ynat-v1_train_00775,김용민 與 최고위원 출마…난민·민계 당 위해 노력,2
ynat-v1_train_00778,해운 위기용 운임 인하·합병으로 해결될 문 앞두냐,5
ynat-v1_train_00781,PC전대가 글로벌 마케팅 이점으로 윈도 점유율 최초 1위,4
ynat-v1_train_00782,中인민일보 美 중국 내정간섭은 비열한 행위 비비난,6
ynat-v1_train_00783,아프리카 북부 지진에 따른 전 세계적 영향…북미·아시아·중동·아프리카 치열,6
ynat-v1_train_00784,2월23일 애니레쎈듀오 넷플릭스에서 공개,0
ynat-v1_train_00785,지난달 공시지가분양 3만8천268채…7개월 연속 증가,5
ynat-v1_train_00786,변영철 라건보떠오른 대성 현대모비스 강력 지원팀으로,1
ynat-v1_train_00787,제주연중시즌 관광역 터미널엔 관광객…공항보다 관광객 많아,3
ynat-v1_train_00789,중부지방 23일 내일까지 장마 끝…그치기 시작해 푹 찐한 기온,0
ynat-v1_train_00790,극적 역전승 김종민 감독 한 세트만 따면 반전 오리라...,6
ynat-v1_train_00791,美블랙컨츄리 북미서 비대면 마당 패거리 참견…불편,6
ynat-v1_train_00794,대만 화웨이 마마폰 5G 모델 출시…가격은 7짜르다,4
ynat-v1_train_00795,내일날씨 제주도·영동 아침까지 비…동해·남해 풍랑 주의,3
ynat-v1_train_00796,스리랑카 말라리아 전정국 긴급재난지원기금 발동,6
ynat-v1_train_00797,선정제 스트로트맨 스�정74 독주 타도…치열 한국종합,2
ynat-v1_train_00800,세월호 단체들 참사 진상보도 방송·MBC 책임자 징역형 공판 공개,3
ynat-v1_train_00803,김지수 19득점 깜짝 5년약…현대캐피탈 KBO보에 승낙,1
ynat-v1_train_00806,베네수엘라서 36일째 단식…건강 악화로 병원 입원종합,3
ynat-v1_train_00807,정의장 인도·카자흐스탄 정상회담,6
ynat-v1_train_00808,None None None None None None None None None None None None None None None None None None None None None None None None None None None None None None None None None None None None None None None None None None None None None None None None None None None None None None None None None None None None None None None None None None None None None None None None None None None None None None None None None None None None None None None None None None None None None None None None None None None None None None None None None None None None None None None None None None None None None None None None None None None None None None None None None None None None None None None None None None None None None None None None None None None None None None None None None None None None None None None None None None None None None None None,6
ynat-v1_train_00809,美 美군농축물라늄 저장한 시설…핵시설로 발전,6
ynat-v1_train_00813,아르헨티나 5-1로 리오�르스에 승격…링컨시티와 2위전,1
ynat-v1_train_00814,경기 중소기업권 8개 분야 주존주자 지원…활성화 자금,0
ynat-v1_train_00815,네이버 투자 대상 스�업은 배달앱·게임 서비스社,5
ynat-v1_train_00816,스피드7선로에 2단40t 코레일 국토사자 전환,5
ynat-v1_train_00820,靑 전자법 폐지 청원에 연관된 김영란 법무부 대변인 해임,3
ynat-v1_train_00821,美나토 위기관리 복원…대타협 나올까…이란 핵수령종합,3
ynat-v1_train_00822,AS모텔 코치 팔카오 성폭행 혐의로 구속종료,1
ynat-v1_train_00824,화이트 그래핀 양체 나올 때…대면적 합성 성공,4
ynat-v1_train_00825,2년 연속 북협력기금 9만178억 투출…2016년보다 85억 많아,5
ynat-v1_train_00826,류현진 전 앞서 신태인실장과 우리팀플레이 등 강조…우선,1
ynat-v1_train_00827,이탈리아 방문을 앞두고 싱가포르 일대일로로 양국관계 새 시대,6
ynat-v1_train_00828,이명박 대통령 외무 내전쟁화…비아 방문 사적 해법 안돼,6
ynat-v1_train_00829,애플간 이통사 SCi앱은 SK텔레콤 2위,4
ynat-v1_train_00835,네이버 유료방송 시청점유율 및 광고편 후전망,3
ynat-v1_train_00836,LG전자 등 무인동선 개발에 100억 투자종합,4
ynat-v1_train_00837,삼성SK하이닉스주 재무재무재무재무재무재무재무재무재무재무재무재무재무재무재무재무재무재무재무재무재무재무재무재무재무재무재무재무재무재무재무재무재무재무재무재무재무재무재무재무재무재무재무재무재무재무재무재무재무재무재무재무재무재무재무재무재무재무재무재무재무재무재무재무재무재무재무재무재무재무재무재무재무재무재무재무재무재무재무재무재무재무,5
ynat-v1_train_00838,3년 아트 교육 시도 과한 희비수준…종합,5
ynat-v1_train_00840,클래식 음악 선율로 물드는 13 째 생일,0
ynat-v1_train_00844,서해안 기상 한파보 내일 영하 1도,0
ynat-v1_train_00845,2년 내 몫의 일을 탕감하고 지시 당신만으로,0
ynat-v1_train_00846,슬로바키아 군사훈련에 난민 수용단 군사훈련 배치,6
ynat-v1_train_00847,대법령 핵탄도미사일 규제법 정합도 무겁다 용용,2
ynat-v1_train_00848,러시아 프리미어 석유·다우 몬드헌터·건설로 주목,6
ynat-v1_train_00849,북한 텍스트 등장에 정정은은 17% 현지서 가격적비,2
ynat-v1_train_00858,한국MS 윈도10 IoT 에디션 출시…B2B 공략,5
ynat-v1_train_00859,시즌 들어올 때까지는 두산·SK…선발 2승에 불과종 롯데,1
ynat-v1_train_00860,애플이 kt서 2루만 판매…천만원대 등급…대박 상품,5
ynat-v1_train_00864,구글·페북 차이나머니로 저작권 저격한다,4
ynat-v1_train_00865,北 혈통이 된다…아르헨티나 전한 핵심 올해 이화전정,2
ynat-v1_train_00867,KF 온주한 x대8강전 시 음성·코로나 내제…종합,4
ynat-v1_train_00871,中 관영지명 시위지지声明 속보 개막전 중계 안 해,6
ynat-v1_train_00872,대통령 아들家 의혹 계기로 美벌금 은닉…법정 구속종료,2
ynat-v1_train_00873,청주항 짙은 안동·제3항공 회의지로 운용,0
ynat-v1_train_00874,한국기자연맹 창립 15년 기념식,3
ynat-v1_train_00875,이장 사소한 위로도 기쁘다…장관비서 세운다,4
ynat-v1_train_00876,충북 청주로 맑다가 밤부터 구름…낮 최고 17도,0
ynat-v1_train_00877,오 부총리 과천시와 서울시 동반발전…안전관리 주의,0
ynat-v1_train_00879,세계 과학자대회 산하 모인성…한국과 일본 공동 개최,4
ynat-v1_train_00881,통일농구 방북단 귀환…조명균 체육교류 계속 이어질 것,1
ynat-v1_train_00883,지니의 은근 버스·택시 등…교통앱 1위 카오 택시,4
ynat-v1_train_00885,베를린 합창단서 한반도 오케스트라 평화염원 소리 들든다,0
ynat-v1_train_00887,까치증권 주당 1만원 분기배당 결정,5
ynat-v1_train_00888,간편결제 시장 1위 L모바일결제로…삼성페니로 2위,5
ynat-v1_train_00891,서울도시가스 국제종합기기상상수처理서 제출,3
ynat-v1_train_00892,게릴라 한국 sdc 대구사회복지재단에 5억원 기부,3
ynat-v1_train_00893,게시판 현대미술의 미래·현실·향유·창조,0
ynat-v1_train_00894,伊 대통領 연정 승인…콘테 총리에 정무구성직 부여,6
ynat-v1_train_00896,KTX 노선 추가 대폭 늘려야…수요뒤 승객 56% 증가,0
ynat-v1_train_00898,MLB 아스턴 잭 드레인키 4년 계약서에 우호적,1
ynat-v1_train_00899,김정은 북AM 북한면접 열렬 환영…환치로 맞아주겠다,2
ynat-v1_train_00900,北한령 북한산산양 강니 갈라진 땅으로…종합2보,2
ynat-v1_train_00902,원숭이의 진화성 아니다…진화경연이 관건,4
ynat-v1_train_00903,감성 O장면 김주찬 결승타로 58패 탈출 삼진에…,1
ynat-v1_train_00906,北김정은 당 대회 함경도·황해북도·강원시 대표로 추대,2
ynat-v1_train_00908,아시안게임 라오스 야구 스리랑카에 패배…짧지만 강렬한 추억,1
ynat-v1_train_00909,MLB 시즌으로 돌아온 포스트시즌에 뉴욕 메츠 감독으로,1
ynat-v1_train_00911,철퇴 맞는 비트코인 중국서 출국금지…국선 사기죄로 처벌,5
ynat-v1_train_00912,E러로 상태 알려주는 앱에서 발열물 속 이용도 가능,4
ynat-v1_train_00916,1루 아키야마 2시 경기 건너 뛰어…축구로 바꿈,6
ynat-v1_train_00918,미스터 �리프트 프로 부진…인물들 낙마해,0
ynat-v1_train_00923,전국 3천여 명 어촌 마을 대표역 인권망 구두,4
ynat-v1_train_00925,Po뱅크 412CE전기 주식 추가증권 발행…신규 주식 발행 영수 협의중,5
ynat-v1_train_00929,경기난해 우리은행 신용대출금리 3.2%p↓…자체 2천억 감소,5
ynat-v1_train_00930,추신수 3연기 연속 무안타…시즌 타율 0.222,1
ynat-v1_train_00931,文대통령 與 지도부·2도·5원장 등 모두…청원 소통 강화종합,2
ynat-v1_train_00932,코리아레길 민간추진협의회 2일 출범식,3
ynat-v1_train_00935,北 中퍼스트레이디 주10개국에 공연…UI,2
ynat-v1_train_00946,이준규누가 이사를 대체하는 유튜버 특집,0
ynat-v1_train_00947,KBO 정상 선도하는 전기기록 독학 배울 것 많아 베트남,1
ynat-v1_train_00950,아이폰 부가서비스 러닝4트레이닝 18인 상위원 공식 발표보도,6
ynat-v1_train_00952,민주 4월국회 중점법안 난항…고심…한국당 국조법 반대,2
ynat-v1_train_00958,러시아·北한 정식 제안 온면 푸틴 북미만날 것,6
ynat-v1_train_00960,공무원노조 주52시간 교대제 도입 요구,3
ynat-v1_train_00961,이란 코로나19 확진자 4만4천명…병원치료,6
ynat-v1_train_00962,박원순 누리과정 좀 소통하자는데 청원·예비예비 예비종합2종합,2
ynat-v1_train_00963,이총리 8일부터 국정대책 발표…8구장 등에 소홀 없도록 주의,3
ynat-v1_train_00964,Q리그 오시 역시 결승골…4골 중 1골 반전 30분에,1
ynat-v1_train_00966,朴대통령 조센타 4년간 멍같은 역할해야…창업지원국 기대,2
ynat-v1_train_00967,제5회 이민문학상 수상작 기타 연주 셔플 콘서트,0
ynat-v1_train_00968,KBO리그 SI 켈리 vs 두산 용용찬 KIA차차선발,1
ynat-v1_train_00972,아르헨티나 미국과 월드컵 종전서 13 석권…6승 7패로 우승,1
ynat-v1_train_00973,KT 데일리 공유 앱 데일리스 가입자 10만 돌파,4
ynat-v1_train_00974,인도 항공 무인열차 화재 가정한 비상구,3
ynat-v1_train_00975,정의당 서울시당 6·4 지방선거 후보 출정식,2
ynat-v1_train_00976,러시아 자배구 코치 이스마일리 뒤이어 감독으로 머물러,1
ynat-v1_train_00977,코스닥 주가 갈증 풀리나…기술 부양으로 매집기회 여전,5
ynat-v1_train_00979,외국인 좋아요 블로그다 좋아하고 사는 작품 소개,0
ynat-v1_train_00980,독자정치 주장자 고영모 외유·유리 회피 놓쳐,2
ynat-v1_train_00981,스마트폰 모바일일에 음성·이미지 검색기능 추가 배치,4
ynat-v1_train_00983,2·3일 정상회의…북핵·무역·투자 협력 등 주요 의제,6
ynat-v1_train_00984,지소연·이효아 10월 여자배구 아시안컵 국가대표로 선착,1
ynat-v1_train_00988,문 대통령 힘을 한 번 더 한화 변호…평소처럼 뛰어야종합,2
ynat-v1_train_00989,이간질하는 고소 이로한·9무죄…다,0
ynat-v1_train_00991,고개 드는 야당 3·1운동 기념단 연설 2통했다…사과,2
ynat-v1_train_00992,주택연금 가계 지원 확대…내년 2월부터 월수령액 3% 줄어,5
ynat-v1_train_00993,김동영 22일부터 정치 아닌 정치…거제시 개혁부터 시작,2
ynat-v1_train_00997,동아시아의 기독교 모태 와하비즘 확산 제1의도…종교전쟁,6
ynat-v1_train_00998,이스라엘에 대한 후쿠다 총리의 이스라엘 야권연대 성사 제안,6
ynat-v1_train_01001,24일 멋 라 만연산 치유숲으로…전라순환힐링 여행,0
ynat-v1_train_01002,새폰 자진할인 메라에 매료…SKT사 갤럭시S9 개통,4
ynat-v1_train_01006,보고 들으며 즐기는 詩…찾아가는 시문학 공연,5
ynat-v1_train_01007,거제 섬유산업단 2월간 출입제한 동계정비 기간 내로 3월1일 재개방,3
ynat-v1_train_01008,미국·중미·멕시코 2년간 공동 주관…8월 청소년대회 듯,6
ynat-v1_train_01009,한국통신산업진흥원 대표이사 후보자 3명 수록,3
ynat-v1_train_01010,노영심 김필·피아노 손민정…겨울 피아노는 베르디 피아노연주곡,0
ynat-v1_train_01012,전두환 드롭난 넥타이 뒷돈 받았어…9·10년 그가 공직종합,1
ynat-v1_train_01013,SK카자흐스탄 첨단에너지시스템 기술개방협약,4
ynat-v1_train_01015,우파 우파권 오스트리아 총선 재출마…표심종합종합,6
ynat-v1_train_01016,오바마 폭탄마사추세츠 6210명 대규모 감축…누적 1만522명,6
ynat-v1_train_01017,아시안게임 2연패 노리던 한국 남자농구 이란에 막혀...,3
ynat-v1_train_01018,충북 초등학생 3명 가스 누출 진상…김종태 사과·8천원 지원,3
ynat-v1_train_01019,역대 가장 좀비적인 NBA 시즌…이스트웨스트·서던웨스트 1차전 애틀란티스·휴스턴,1
ynat-v1_train_01020,교육청 지방 공무원 6천3명 정기인사 승진 136명 등 2천명,3
ynat-v1_train_01021,더불어민주당 의원들과 사는 조건,2
ynat-v1_train_01024,이란 명성훈련장 변판서 출간 즉시 1만권 매진,0
ynat-v1_train_01025,도쿄행 첫 관문 인공은 성공…태풍8범호의인공실험종료,1
ynat-v1_train_01026,아르놀트 벵거 감시자로 비추에 감시에 관심 많다...,1
ynat-v1_train_01028,김승우 FA에 베트베트나와 4년간 계약…오승환 3년 계약종료,1
ynat-v1_train_01029,윤 대통령 베트남 총리와 앙코르에서 한미세미나 개최,5
ynat-v1_train_01033,삼성 20대 특가 폴더폰 갤노트 폴더폰 출시,4
ynat-v1_train_01034,남서남쪽 먼해·제주 동부 풍랑…강풍경보 대비,0
ynat-v1_train_01035,3자협 아시아선수권 4위에도 자신감 전전…8월 도전,1
ynat-v1_train_01036,北북극 스웨덴과…비핵화에 대한 표명과 회담,6
ynat-v1_train_01037,최저임금 인상 쟁취…사용자 삭감안으로 즉시 폐지,3
ynat-v1_train_01040,이란에 스�시아르 부통령 인질설 부인…4분기 경제축소종합,5
ynat-v1_train_01041,충북 충주8원에 1만7천㎡ 규모 충북문화예술공원 조성,0
ynat-v1_train_01042,프로야구 시범리그 개막전 병살타 홈런포로 승리 도고,1
ynat-v1_train_01043,파주 시민드라마상 수상자 한국리보중,0
ynat-v1_train_01044,카카오자산 시장에 카카오페이 투자,4
ynat-v1_train_01045,팔 움직임으로 마우스 조작 인공신경망 움직여…뇌신경망 재편된다,4
ynat-v1_train_01047,정세현 美측 청명 청취…데일리투데이 등재 여부 청문회 결과,2
ynat-v1_train_01049,서울시판 주목권 증권대출펀드 입찰 이벤트,5
ynat-v1_train_01051,게시판…넷진행단 5개 데이터 활용 정비 아이디어 공모,4
ynat-v1_train_01053,1세기 그리스픽 자이언츠 4년째 상半期 1주기 추월,0
ynat-v1_train_01054,D5기자회 올해의 기자 219명 선정,3
ynat-v1_train_01055,中9·5N체 북한 집중포격…우리는 끝까지 지원,6
ynat-v1_train_01061,2野 우파우파와라 합창…집행명령 취소 온통,2
ynat-v1_train_01062,LG화학 안정된 수익을 된 사업은 안한다…고강도 대책 발표,3
ynat-v1_train_01063,삼성 갤노트8 4년 30만 시세…갤럭시S9보다 저가,4
ynat-v1_train_01065,美영국 9·11테러예방안 심의…외교안보수석과 업무보고,2
ynat-v1_train_01066,그래도 2兆대 그룹 시총액 2兆감,5
ynat-v1_train_01068,美 국방 방치 공세에 北 남한권이 반격,2
ynat-v1_train_01070,100만 체험자 목전…둔화천·산천어축제,0
ynat-v1_train_01072,흰색 갤럭시S8 나온다,4
ynat-v1_train_01073,전교조 E산형 전자도서관 교체 속도 개선…전체소장소장 저자,3
ynat-v1_train_01074,문대통령 북용차 관심에 관심져달라…마힌드라 잘 풀어갈 것종합,2
ynat-v1_train_01078,美 자리 리빌딩 장관의 체제향상대로…美3대 외교관,4
ynat-v1_train_01080,여자농구 KB국민은행 2018·2019 시즌권 11일부터 판매,4
ynat-v1_train_01081,투명한 천막길 낭만적인 흐르는 강물여행,0
ynat-v1_train_01082,이민 커진 남원 외국인 독점…원래 설렁설렁이었다,1
ynat-v1_train_01084,제8뽑기 농구 스�타맨 KB스타즈 올스타전 팬 투표 추천,1
ynat-v1_train_01085,아르테타 아스날 1-0으로 갈아뼈 골절…주간 휴장,3
ynat-v1_train_01086,한인인의 시선으로 바라본 日의 아시아 정책,0
ynat-v1_train_01088,미생 日e부 주최 미드래상 우수상…구성 뛰어나,0
ynat-v1_train_01089,박종서 베트남 스즈키와 1차전 라오스에 패0 대종합,1
ynat-v1_train_01091,이화여자론클럽 회장에 이규원 아나운서,3
ynat-v1_train_01093,3·1운동의 선적 기독교…용산 스님 재조명,0
ynat-v1_train_01096,한국 프로야구 세계에서 가장 긴다…업계 해외 보도 확대,0
ynat-v1_train_01098,주택·카드 KB뱅크 금융서비스 개발 협력,5
ynat-v1_train_01099,오바마 연설법 에서 한반도 격화…단속위에 美행정부당사,6
ynat-v1_train_01102,가빈·산체스… 그 어떤 팀과도 달라진 라리가 즐겁다,1
ynat-v1_train_01105,그래픽 IT기기 사용한 부법 증여 3례,5
ynat-v1_train_01106,SK하이닉스 휘이트론에 가성 급등…조정시장 주목,5
ynat-v1_train_01107,아시안게임 내전 아픔 속에 16강 진출한 시리아의 위력,3
ynat-v1_train_01108,홍란 전국 3번째 태풍 접근…2명 사망·2만명 대피,6
ynat-v1_train_01113,여배터수들 4배수와 같은…프로 경기에서도 수비 전문,1
ynat-v1_train_01114,갤전대 스마트폰 갤럭시S와 드론 1대 출하…28만원대,4
ynat-v1_train_01115,美국 신 조직 KGC꺼리…北 이라크군 지원 반대,6
ynat-v1_train_01116,삼성전기 극적인 역전승…SK손에 연패 늪으로,1
ynat-v1_train_01117,무례 외교 고노 日 국무장교체 부상 아베 11일 회담,6
ynat-v1_train_01120,기업은행 2조9천억원 규모 중장기 성장 자금모집종합조성,5
ynat-v1_train_01121,삼성 갤럭시폴드2 화면 커지면 보는 사람은 유리…UTG 탑재 전망,4
ynat-v1_train_01122,한화인터리테일링 2018년 3월 1일부터 시작,5
ynat-v1_train_01124,정부 4영장 구제신청 3개월 이내 처리 안 될 경우종합,2
ynat-v1_train_01125,SKT 010 번호 포기율 3% 사용자 우려…정부 문제점 분석,5
ynat-v1_train_01129,대성전극 KB손보 시즌 첫 연승…도로공사에 IBK에 패,1
ynat-v1_train_01137,3공동언론회관 개관식 앞두고 남북정상,2
ynat-v1_train_01140,LA 다저스 김현진과 장期부상 효과 제거해,1
ynat-v1_train_01141,반세계화 막아야한다…국민 모두 나누고 싶어하는 정의화들,6
ynat-v1_train_01143,강릉 신순원 이사장 사실상 깊게 연관된 김성태 대표 사임,3
ynat-v1_train_01144,이준비 대선 후보마다 복원되는 논쟁…선거법 개정 필요해,3
ynat-v1_train_01145,여자농구 우리은행 정규시즌 9연패…2위 성적,1
ynat-v1_train_01146,정부 4월 한반도 위협설 근거 다…정치되기 위해 북과 합의,2
ynat-v1_train_01147,KBO 시즌 재 일자리 콘서트,0
ynat-v1_train_01149,청주시 내년 국비 목표 1조4천921억원…올해 5%↑,5
ynat-v1_train_01150,이글 올해 북전 독재자에 샤디노프 노동운동가 별세,6
ynat-v1_train_01153,SKT 7맵 하루 이용자 역대 최대 6천만 달성,4
ynat-v1_train_01154,SNS 보도 김영란법 선물세도 완화…찬반 격론,3
ynat-v1_train_01157,美국인 사살에 美 국대신 사과…本국 대신 사과,3
ynat-v1_train_01159,부산에 최대 42㎜ 비…내일까도 흐리고 강풍 불어,0
ynat-v1_train_01160,신코로나19 관광지 서부목동 학원 2일 휴원…4곳 휴원,3
ynat-v1_train_01163,美斯라우기총 결승 초읽기…네덜란드 후반부로 치달아속도,6
ynat-v1_train_01167,靑 유튜브 공감관에 이준석 前 청와대 대변인2,2
ynat-v1_train_01171,이범호 7찬구 35구·KIA 이우헤더 1차선 제압,1
ynat-v1_train_01173,5G 스마트폰 대비 기본요금 오른다…월 5만5천원종합,5
ynat-v1_train_01182,프로배구 외국인 선수 라운드아웃 5월 초까지 결정…서 개최,1
ynat-v1_train_01183,김영숙 정상회담에 북한의 요구 넘어선 안돼…협상해야,2
ynat-v1_train_01184,다저스 로크 감독 시즌 초 상半期 좋았어,1
ynat-v1_train_01185,국회 대리자 여당 전당대회 모임로…당내 쟁점전환,2
ynat-v1_train_01186,캡처 기증용 협력수당 4만면제…공감·공감·공감·공감·공감·공감·공감·공감·공감·공감·공감·공감·공감·공감·공감·공감·공감·공감·공감·공감·공감·공감·공감·공감·공감·공감·공감·공감·공감·공감·공감·공감·공감·공감·공감·공감·공감·공감·공감·공감·공감·공감·공감·공감·공감·공감·공감·공감·공감·공감·공감·,1
ynat-v1_train_01189,대만계 美7통장 소유자 父母 운회에 불불렸나…FBI 조사 수수,6
ynat-v1_train_01191,서울디자인 2차일 홍보매체디자인 공모전 개최…초고속 출품,5
ynat-v1_train_01192,면역세포의 배신…뇌종양 성장 돕는 면역억제포 발현,4
ynat-v1_train_01193,몸 크기 큰 공룡은 뿔 난 몸 많아,4
ynat-v1_train_01195,그랜드백화점 토즈 자산평가로 정리,5
ynat-v1_train_01197,8만명짜리 비행마카로 한국항공우주에 도전!,0
ynat-v1_train_01198,정무1차 총재도 국감서 온다…亞·임기후역특례 질의,2
ynat-v1_train_01201,여야 정종인 개헌특위 제안에 긍嘉한 경험로 예비,2
ynat-v1_train_01202,대전외고 통학차량 기사 확진…29일부터 원격수업,3
ynat-v1_train_01203,대통령 취임 후 워싱턴으로 출발…與지하철로2,2
ynat-v1_train_01204,오카다 한국 52명 원로들에 공로종합상,0
ynat-v1_train_01211,7월 프로야구장 나들목…임시준비 30일까지 시구,1
ynat-v1_train_01216,프로농구 전망대 우울한 오빠 문경은이상민 성탄절에...,3
ynat-v1_train_01217,데이트 비디오 유발 성추문 등 온라인 광고 규제,3
ynat-v1_train_01220,신기 펭귄의 사생감·완벽한 조각·사자와 같은 모습,0
ynat-v1_train_01221,Q4Dw 실물 걱정 줄…KT 전기통신장비에 AI 아이템 출시,4
ynat-v1_train_01228,디딤돌 대학생에도 모바일 교육 도전,5
ynat-v1_train_01230,국회정조사에 소설가 김영하 성폭력에 대한 처벌할 것,3
ynat-v1_train_01231,북한 조선중앙TV 잠시 중단 특별 방송 예고,2
ynat-v1_train_01233,전 5교했지만…초등생 형은 교동생 집에서란,3
ynat-v1_train_01234,뼈아픈 대북정책 北에 포로 추방…中·행정수도에 비구종,2
ynat-v1_train_01235,MLB 결승포 Rendon이 Dodgers 꺾고 전반기 2전서 위닝리즈,1
ynat-v1_train_01236,朴대통령 국회가 법막고 떻개민지 호소하라 가종합,2
ynat-v1_train_01237,LH 하남 감일지구 신도시공동주택 신축공사 착공,5
ynat-v1_train_01238,바르셀로나 FA컵 16강선에…4연패 탈출전 DDU,1
ynat-v1_train_01239,게시판 한국투자권 증뱅키스 주객상…증권거래관련 이슈트랙,5
ynat-v1_train_01240,날씨 투표하는 것은 날씨 예보가 다르다 오전 8시부터 알려져,0
ynat-v1_train_01243,SK텔레콤 바그다드인 시청에서 선보일…IS 5G 후속자처,6
ynat-v1_train_01244,답답한 오늘의 선수 출전 없이…레알 0-1 패,1
ynat-v1_train_01245,예래픽 이기혁안에 관해서 각 3%입장,2
ynat-v1_train_01246,국세청디지털 신고규칙 중간신청 피소,3
ynat-v1_train_01247,1폭격 M·넥트 E박영원 조상 425일 추찰…사찰사,3
ynat-v1_train_01249,적자세력 늘어수록 공공 공격력 저화력…미 위협,2
ynat-v1_train_01251,LG유통햄과 돌돌 토마토 6만원 벌금 낙제,1
ynat-v1_train_01253,MLB 시즌 끝없는 부활…필라델피아와 허니문처럼 난장1,6
ynat-v1_train_01255,청와대 21일 국회 발의한 대통령 초안 수용받아종합,2
ynat-v1_train_01256,SK 와이번스 시즌 첫 승…지지없던 몰아던 팀 화들짝종합,5
ynat-v1_train_01257,美트럭사사흘째 또 충격…운전자 사망 2명 부상,6
ynat-v1_train_01259,영상 미국 유학 포기할까요…한국 유학9G 수학금 폭상에 충격,3
ynat-v1_train_01260,프랑스 총리 6년간 정권에 제1호…집권 중도당 참패 격파,6
ynat-v1_train_01262,KB증권 2분기 영업익 1천5억원…2.21% 증가,4
ynat-v1_train_01263,충남도 디지털뉴스를 지역 언론 포함·협력 요청,3
ynat-v1_train_01264,제10회 한류황금작가상 수상작가의 작품에 감사합니다,0
ynat-v1_train_01265,한국에서 아온 일본문화 축제…코믹콘 2개막,0
ynat-v1_train_01266,이란 이슬람 장로회 이란에 폭격기 보인다…이란망,6
ynat-v1_train_01267,靑 시선은 벌써 특검으로…후보 누구라도 좋다,1
ynat-v1_train_01268,K 블로그 키보드 콘센트화…자택차로 호텔도 쓴다종합,4
ynat-v1_train_01271,밀라노 피아자로 광장 시정법 위반…전자광고,6
ynat-v1_train_01272,MBC 블랙리스트 방출 상명단 재확대,3
ynat-v1_train_01274,흰색 유년기자 등 강강 뉴스제4기 6개국서 참여종합,0
ynat-v1_train_01275,차범구 지성과 축구 나아히 손흥민 지금부터 새 역사,1
ynat-v1_train_01277,DAEA사우디 이어주나…르망 호랑이 연기·참여로,6
ynat-v1_train_01278,매출창출 가성비 최대 앱 유튜브…넷플릭스 약진,4
ynat-v1_train_01282,티비에이치글로벌 1분기 영업익 1조4억…15% 증가,5
ynat-v1_train_01283,대통령 한반도 평화·안정에 깃들도록 모든 힘,2
ynat-v1_train_01286,서울시 과기정통부 ICT 혁신비상시서 국내 ICT 시장전개,4
ynat-v1_train_01287,프로농구 서울SK 새 외국인 선정…드와이트 영입,1
ynat-v1_train_01294,시대변화 무통일 불사할 풍선…대만서 일국양제 대안,6
ynat-v1_train_01295,인니 中에 10조원 규모 일대도시로 사업 무더기 추진,6
ynat-v1_train_01296,신간 백점 동들 육식동물 아빠…는야 호기심 많아,0
ynat-v1_train_01297,메시 에골 폭격…PSG 챔스리그서 유벤투아에 30분 2승,1
ynat-v1_train_01299,코보코로나19 재발산 전주전 8명·교원서2등급…해외또 최다합체,3
ynat-v1_train_01300,10년만에 아파트 가격 갭투자 미연인 외국인 다주택자 사유종합,5
ynat-v1_train_01302,통신망 밀려서 통신망 망가지면 20대 이상한 99% 이용,5
ynat-v1_train_01304,이란 우라늄 가스에 성능 개선된 분리기 가동…합의 이행 소종합,6
ynat-v1_train_01307,朴대통령 한미 北비핵화 우선 원칙따라 공조강화해야종합,2
ynat-v1_train_01315,김종인 Liberty당朴대통령 탄핵 반대…정세설 속보,2
ynat-v1_train_01318,北 中해경정비선 4척 센카로 대북제재,6
ynat-v1_train_01319,원달러 환율 5일째 1원 하락…국내 경제지표 영향,5
ynat-v1_train_01320,갤럭시S8 약판 72만대 천정부底…中파국혁명8했다,4
ynat-v1_train_01321,朴대통령 북드 결정후 첫 다자회의…中정상과 접근을까,2
ynat-v1_train_01323,송광현 2차기 3점포…박용권 8 최다안타로 롯데종강,1
ynat-v1_train_01324,이란지란교 문체보안 기라비스 종합 출범,4
ynat-v1_train_01331,美언론 트럼프에 대반격…北과 다른 게 언론의 자유와 책임,2
ynat-v1_train_01333,출자유동화5주년 맞은 K·T·NU 거래대금 2조원 눈에,5
ynat-v1_train_01334,영상 류현진 내가 홈런 친 후 팀 대량 득점 중요한 것,5
ynat-v1_train_01335,靑 6월부터 고용여건 개선 회복 속도있어 정책 추진,2
ynat-v1_train_01338,대부업 신용대출 상품 홍보 강화…중요사항 고지서 자발적 동의 필요,5
ynat-v1_train_01340,중선업계 회의서 공유도 불가능…양일감 공유는 채택까,5
ynat-v1_train_01341,갤S8 첫 개통한다…삼성전자 전장 앞 5박6일 노숙종합보,4
ynat-v1_train_01342,충북구단 강원FC 대표팀 비위 관련 상당한 확인,1
ynat-v1_train_01343,비연장 2점 대한항공 삼성화재에 32 승리…4연승,1
ynat-v1_train_01345,아시안게임 대표팀 대만에 일격…8강 탈락,1
ynat-v1_train_01346,중국 초등학교 3학년 투표 교육 시킨다,6
ynat-v1_train_01347,이경상 베트남 영사로 이동…8년간 베트남과 협력,1
ynat-v1_train_01350,KIST 유기태양전지 고성능 개발…전기전도도 5배,4
ynat-v1_train_01352,中 위안화 절반행보…고시 종가값 25개월만에 최고,6
ynat-v1_train_01355,국내 ICT업계 5G 통신 2025년 2조원 추산 필요,4
ynat-v1_train_01356,네이버 인공지능 챗봇 2.0 시범 서비스 개시,3
ynat-v1_train_01357,서울신문 취임 편지 장관 안병현 전 과학기술설립,3
ynat-v1_train_01364,None 가지 음료점 상권 198개 최다 확대,3
ynat-v1_train_01365,與 41개 스트트랙 승상가속…”국가 지원 한 좌석 남아2,2
ynat-v1_train_01366,삼성·이건희를 누르고 5사 중 가장 강력한 재벌,0
ynat-v1_train_01369,화천마토축제 성황리 폐막…13일 찾아 2억 판로,0
ynat-v1_train_01370,추워져서 눈·바람 내리고 기온 떨어져,0
ynat-v1_train_01371,당選구하기 위해 꺼낸 브렉시트 국면투쟁이 엄청난 결과 초래,2
ynat-v1_train_01373,학교 정상화에 지방거 출席…동기자회견,3
ynat-v1_train_01376,이스라엘 레스타인 위성 지구 공역…로켓5발사 대비,6
ynat-v1_train_01377,게시판 KTx1등 온라인 숍 판매과제 개선,3
ynat-v1_train_01378,3년간 총리 경제정책 3판에 다같이 협상하는 메커니즘,2
ynat-v1_train_01380,아렉산드르 코르타솜프 러 대선 후보 중단…재 선거 무효,6
ynat-v1_train_01383,문 대통령 6후 미국 워싱턴서 무역 개방정책 발표,6
ynat-v1_train_01384,北 北KBM용 로켓엔진시험에 추가도발 용의 못해…도발 삼가라,6
ynat-v1_train_01385,뮤지컬 신흥관극교실 공연 사고…오늘 공연 취소,0
ynat-v1_train_01386,한·中·일 몽골 전문가 미세먼지 해소 위해 모였다,3
ynat-v1_train_01387,제주U 대학교 콩콩 개학 대학·중고교·학부들 수업거리 찾았다,3
ynat-v1_train_01390,권익보장 모바일상품 개발사업 공모종합2,0
ynat-v1_train_01393,아주대 정문 지하에 중공 전 회장 운구 차량,5
ynat-v1_train_01395,키신저 만난 시진핑 美中 소통 강화해 오해·오판 피해야,2
ynat-v1_train_01399,워커 맨시티 공식 입단…英 선수 최대 이적료,4
ynat-v1_train_01401,北 김정은 주체조직의 용역·지원 더 많이 아올려야,2
ynat-v1_train_01402,충북 장마전선 영향…내일까지 50∼100㎜ 비,2
ynat-v1_train_01405,과천 과학관 2025년까지 국립과학관으로 바꿈…과천학원·방사선 협약,4
ynat-v1_train_01406,美 국무 프롬 외상 흔들어 없애자…아프리카,6
ynat-v1_train_01408,문대통령·시도지사 청원 1위…중앙·국회 등 1위로 선치종합,2
ynat-v1_train_01410,삼성이 노트북에 VTERI 불필요한 묵인…전기 아파,4
ynat-v1_train_01411,중간차 더 싸서 스�잉어 고고…저금리 정책부 혜택,0
ynat-v1_train_01412,신입사원은 공유기 없는 세상 없는 세상,3
ynat-v1_train_01413,수원 서정원 감독 권창훈 빠른 템포 적응하면 실력 보여주면,6
ynat-v1_train_01414,인공지능으로 이룬 AI chip 언팩…종합,4
ynat-v1_train_01417,2만돌파 GO까지만…與3검증·혁신先처리카드·정책 깬다,3
ynat-v1_train_01419,SK텔레콤 5G 씽큐 서비스 예약판매 시작,4
ynat-v1_train_01420,입김·불면색 변색 필름…위조방지에 적용,4
ynat-v1_train_01421,배우는 배우는 배우는 배우는 배우는 배우는 배우는 배우는 배우는 배우는 배우는 배우는 배우는 배우는 배우는 배우는 배우는 배우는 배우는 배우는 배우는 배우는 배우는 배우는 배우는 배우는 배우는 배우는 배우는 배우는 배우는 배우는 배우는 배우는 배우는 배우는 배우는 배우는 배우는 배우는 배우는 배우는 배우는 배우는 배우는 배우는 배우는 배우는 배우는 배우는 배우는 배우는 배우는 배우는 배우는 배우는 배우는 배우는 배우는 배우는 배우는 배우는 배우는 배우는 배우는 배우는 배우는 배우는 배우는 배우는 배우는 배우는 배우는 배우는 배우는 배우는 배우는 배우는 배우는 배우는 배우는 배우는 배우는 배우는 배우는 배우는 배우는 배우는 배우는 배우는 배우,0
ynat-v1_train_01423,러시아 美 울벌처럼 중국 겨냥한 것…전세계서서 노려,6
ynat-v1_train_01426,혈관 속 움츠러든 혈모세포 봇물 개방…자궁장벽로 직접 통하는,4
ynat-v1_train_01434,넥슨지티 국외 진출 시해면…든든한 서비스 출시는 불가피,4
ynat-v1_train_01439,LG전자 할인행사 9월 중순에 늦어질 듯,5
ynat-v1_train_01441,KB은행 정기인사…전략연구원 인사교체 확대,5
ynat-v1_train_01442,LG전자 원스톱 모바일 반도체 제조 공정 약속,5
ynat-v1_train_01443,김성환 야권협상체제 수용…석상·특검 대통합 추해종,2
ynat-v1_train_01448,raw래프 중국 인권8장 진입…완화·6진,5
ynat-v1_train_01449,국민의당 창당 6개월…정생에서 완생으로 2020년 제1야당 대표로2,2
ynat-v1_train_01450,체내 혈액줄줄이 변성…상당한 효과로 본다…임상시험을 확인,4
ynat-v1_train_01456,유럽미국 北에 제재 피하기 위한 특수적 대북지원,6
ynat-v1_train_01457,NBA 서부스테이트·휴스턴·골든콘트리바스 결승전지 선정,1
ynat-v1_train_01459,악성 드론 감시하는 IoT 기기 개발…전자통신연구소 연구팀,4
ynat-v1_train_01462,민주硏 보도 논란 지속…野 매국적 정국 전략 집중포화,2
ynat-v1_train_01464,시민·문인 함께 즐기는 문학주스 2018 전국서 진행,0
ynat-v1_train_01465,비트코인 가치 10배·2배…주가 EU·15%↑,5
ynat-v1_train_01466,중국 국제조명 2024년 사상 첫서서…中 과학 기술로 빛났다,6
ynat-v1_train_01467,비정규직 노동자 최저임금 강제,0
ynat-v1_train_01468,코스피 1황 주권주도 활발…KOSPI자체상승세종8,5
ynat-v1_train_01469,SK텔리�미X 이앤엠 지분 매각,5
ynat-v1_train_01470,이탈리아·독일 2개 난민구조선 억류…EU 규정 등 위반,6
ynat-v1_train_01473,미시시피 주상공업 도시서 노이즈 텍스트 복원,5
ynat-v1_train_01474,현장 서울시장은 나야 나…박원순·김문수·안철수 첫 유세 장소는,0
ynat-v1_train_01476,서건명 KB손해처리 올 시즌 최고 선수로 증명,1
ynat-v1_train_01477,콩고 시련…볼티카와 UN 내민 민간인 보호,6
ynat-v1_train_01478,장장우 특별감찰관 유출됐으면 국기문란…상징적 1치해라,3
ynat-v1_train_01479,신간 그리스 우한 신종코로나·암 정복 연대기,0
ynat-v1_train_01480,朴대통령 긴급속보 북핵 대응 올해까지 해결 내놓을까,2
ynat-v1_train_01481,온라인 명품 구매 늘었다…롯데닷컴 올해 명품 매출 25%↑,2
ynat-v1_train_01482,하나 투자삼성전기 2분기 실적 기대 이하 목표치↓,5
ynat-v1_train_01484,美 전대 오더 주도 N번의 바람처럼도 가능하다,2
ynat-v1_train_01485,유바이오로직 2분기 영업익 1조원…3.7% 증가,5
ynat-v1_train_01488,평양 국제공항에 송환 시민들,2
ynat-v1_train_01495,美의회·UN훈勞조리 미국 GW속도,2
ynat-v1_train_01497,올모바일쇼 벤츠 스포츠카 새로운 XHEV 승차용 카트 5개,0
ynat-v1_train_01499,美 부통령은의 중국 팔도2룡·중서 제재명단에 올린,2
ynat-v1_train_01504,미래·문체·환경 등 4∼6개 부처 개각론 부상,2
ynat-v1_train_01505,日언론 고노 외상 美 USTR 대표와 회담…WTO 개혁 연대키로,5
ynat-v1_train_01510,美 대만 페이탈에 자체항공사…이란 영공통과 금지종합,6
ynat-v1_train_01511,미술·디자인 용어 비교·확인 홀로코스트 기념관 전시,6
ynat-v1_train_01513,성장하는 1.5인치 워치 시장 애플 경쟁가 되나,4
ynat-v1_train_01514,데이비스 44점 뉴올리언스 8연전에 보스턴 4연승 저지,1
ynat-v1_train_01515,더불어민주당 서울서 1박2일 20대 당원인 워크숍,2
ynat-v1_train_01516,2FcoC 탈레반 부신임장 수여받은 아프간 대통령 거부,6
ynat-v1_train_01520,고개 없는 지방·저출산 지역 공직 굴욕 출마야,5
ynat-v1_train_01521,SK하이닉스 5G·선통신 핵심 칩셋 개발,4
ynat-v1_train_01523,게시판 배틀그라운드 여름맞이 경품 행사,4
ynat-v1_train_01525,민주 노란 조합 집회 열어…정치 개혁 요구,6
ynat-v1_train_01527,프레스스포크인 브렉시트…재외 영국인들 경제에 악영향 없어,6
ynat-v1_train_01529,담양한표식으로 임식장으로 하는 전라열차,3
ynat-v1_train_01531,일본 넘은 중국의 군사력 강화…아시아에 칼 집어들여,1
ynat-v1_train_01533,美친북군체계 파괴…2차攻撃 15일종료,6
ynat-v1_train_01534,트럼프 中 거래 원해도 美 준비 안돼…이란 체제전환 요구안해,1
ynat-v1_train_01535,작년 경기권 부동산 급증…부동산 공급과잉 탓,5
ynat-v1_train_01536,SK 코그넥스 5월 23일부터 서비스…마이크로 팩트리화야드 전력,4
ynat-v1_train_01539,민생통합당 무기한 휴회에 김태오 예비대표 중단,2
ynat-v1_train_01540,SK텔레콤 가입자 케이팩 9월에 91%↑,5
ynat-v1_train_01541,5명도 남은 선수들처럼 함께한다면 화해·평화도 성큼,2
ynat-v1_train_01544,이대호 연타석 홈런 롯데 선제에 기여…8연승 시즌 첫 홈런,1
ynat-v1_train_01547,터키 러시아 이튿날 공동대적 IS에 거작전…러시아명 체포,6
ynat-v1_train_01549,모임장 안에서 천막 설치 거부종합,3
ynat-v1_train_01556,전자랜드 kt 승리로 도전하는 찬물…2연승 행진종합,1
ynat-v1_train_01557,프로농구 kt 로건 없이도 삼성 완파…벌써 지난해 10승...,6
ynat-v1_train_01559,케인 극적인 선물… 잉글랜드축구 러시아전 확정으로베일 제안,1
ynat-v1_train_01560,올두 발롱도르 자체 선정 폭언…팀은 2위 대적,1
ynat-v1_train_01563,고려안랩 불성립 공시법인 지정,3
ynat-v1_train_01564,北북간선로 선양 민군접촉…UN문건 제출종료,2
ynat-v1_train_01565,아시안축구대표팀 해외 훈련…AFC 아시안컵 전비 보비,1
ynat-v1_train_01568,전북대∼전주대∼평화로 시내버스 신설 7개 노선 운행 횟수↑,3
ynat-v1_train_01570,카드뉴스·나노 전자 다목적 냉방용 전열체,0
ynat-v1_train_01573,여론경제투톱 이체 반발 평소…민주적재산 한국 경제보도,2
ynat-v1_train_01574,매일 이란 핵실험실에서 무슨 일이 일어나는지 서울에 보이는 것8래를 봤다,3
ynat-v1_train_01575,손흥민 과감한 돌파 토트넘 맨유에 21 승리…EPL 2연승,0
ynat-v1_train_01577,국고채 금리 일제히 하락…3년물 연 1.717%,5
ynat-v1_train_01583,전북 인터넷 폭파…6시간 동안 1명꼴로,4
ynat-v1_train_01586,대신證 아레퍼시픽 신주공모서 1.5% 인수목표종목종합가↑,5
ynat-v1_train_01587,에르도안 터키 실종자 170명…북한에 협력종합,6
ynat-v1_train_01589,유럽교 랍스도 EU군 된다…성장자로 변모,6
ynat-v1_train_01590,KT 5G 고속 네트워크 도입…국내해저선로 구축,4
ynat-v1_train_01593,오늘의 뉴스 전 세계 불황 쇼크 피하기 위한 대책 발표,5
ynat-v1_train_01594,Rio 올림픽 홀로그램 응원 영상 제작,4
ynat-v1_train_01595,영상 꼭두의자 김정은 언제 나타나면 저도 저승으로 갈 길이 오면종종,3
ynat-v1_train_01596,프로야구 전대마왕 마운트·K·불방망이…どう낼까,1
ynat-v1_train_01597,케이스투자 거세는 폐지…ZB평가 주식투자 거부…원가가,5
ynat-v1_train_01600,인피니티 제네시스 가을 이벤트 풍성,0
ynat-v1_train_01602,동정 송종관 광주시장 수영대회 홍보,1
ynat-v1_train_01603,조조원 실종 보도…라인 드로벌 기획 사냥망,5
ynat-v1_train_01606,FCA로 마딜라 생산 추진…실적 개선 시작,5
ynat-v1_train_01607,이영란 증권전자거래 쓰세요…지분사 매도 추진,4
ynat-v1_train_01608,신종코로나 조치 왕실에 간절한 기도처,0
ynat-v1_train_01611,소리길 류동 피아노,0
ynat-v1_train_01612,LG전자 42인치 4K 해상도 TV 한 번에 솔루션…품질 검증 완료,4
ynat-v1_train_01613,이주일 이재명 징계 일단 중단…당 안팎 모두 잠재종합보,2
ynat-v1_train_01614,LG G7 씽포 디스플레이 OLED표기보다 적은 전력 소비성 논란,3
ynat-v1_train_01617,화천산천어축제2즐거운 눈썰매,0
ynat-v1_train_01623,강철보 4차례 연속 한일전에서 승차원 그래도 구원 성공,4
ynat-v1_train_01625,북한 무장공비 화화 구체화·美·상호조치…필요성,2
ynat-v1_train_01627,2월에 해양제과식품 등 2만주 보호주식 풀려,5
ynat-v1_train_01630,아프리카 앙골라 동성애 처벌법 폐지…헌권재판소 영해,6
ynat-v1_train_01632,美임 아프리카허브 찔렀다…포켓몬GO 인기 초라해 한국종합,4
ynat-v1_train_01638,호주한인극단 이영 이중언의 희지컬…한인 관객도 찬찬,0
ynat-v1_train_01644,디스플레이 69원 원모델 스플래시 패널 제조·공급 계약,5
ynat-v1_train_01645,월드컵 짝퉁이 진짜를 이겼다…신태용 닮은꼴 뢰프,1
ynat-v1_train_01647,울산 울산경남 만에 첫 승…신고고요한 멀티골로 포항 제압,1
ynat-v1_train_01648,북미 무역 전쟁으로 탄소산업도 도움될까,6
ynat-v1_train_01650,베트남 팬 붙박이 태극기 보여준 이유로 한국 팬과 비교,1
ynat-v1_train_01651,주대로 현금 차투자증권보다 20% 채권 매수,5
ynat-v1_train_01652,이준준 LG 트윈스 계약…정수 끝나면 NC 다이노스로,1
ynat-v1_train_01654,스웨덴 대통령 북한요청 수용 中美부패범 다시 추적,6
ynat-v1_train_01656,日언론 文대통령 역사 문제 언급 자제…대일 비난 억제종합,2
ynat-v1_train_01658,SK텔레콤 시총 1조원 넘어…檢증 7% 사상 최고,5
ynat-v1_train_01661,제주국제영화제 PEtT 27년째 제주에서 영화 겨울축제,0
ynat-v1_train_01662,美채권 20년선이 가장 빼야…소폭 하락,5
ynat-v1_train_01663,2학기혁신본부 제3능력 교육·면접예습분야 온라인 교육 개최,4
ynat-v1_train_01664,작년 서비스 만족도 KB에서 1위,3
ynat-v1_train_01667,카카서 로야와 함께 본다,4
ynat-v1_train_01669,안종범 崔正丁 마사지 단골손님에 명백한 오보,3
ynat-v1_train_01671,2반기 국내 자동차 색상 1위…현대 모노크롬의 이색종류,0
ynat-v1_train_01673,아시안게임 베트남과 4강전 앞둔 김학범의 승부수 한 번,1
ynat-v1_train_01674,미국 연구팀 음스코프에 마이크로폰으로 방음기 공급,5
ynat-v1_train_01676,앱스 애플뮤직 9월 개통 원격원격제…원격원격종합,5
ynat-v1_train_01685,되돌아본 한미 정상회담2C대 총리 선거구 가시대로 지각정치,2
ynat-v1_train_01686,충북대 박사 한상석 교수로 임용,0
ynat-v1_train_01689,KSTB 뉴스설주의 2주…방송부터 0시 예비종합,0
ynat-v1_train_01691,오지환·박해민 포함 아시안게임 예비 엔트리 109명 발표,2
ynat-v1_train_01693,유엔 北제재 북한 5월 당대회서 경제·과시적 지원 방안 가나,2
ynat-v1_train_01698,美대사교환 국정보고서 쓰려고 했다 소식듣고 문대통령에 고로 건넸다,2
ynat-v1_train_01701,LG U+ 5G 네트워크 완성…스마트폰 3중접속 지원종합,4
ynat-v1_train_01703,DB금융 팩토리링크 반도체비즈니스 네온크래프트 흡수병,5
ynat-v1_train_01705,None None None None None None None None None None None None None None None None None None None None None None None None None None None None None None None None None None None None None None None None None None None None None None None None None None None None None None None None None None None None None None None None None None None None None None None None None None None None None None None None None None None None None None None None None None None None None None None None None None None None None None None None None None None None None None None None None None None None None None None None None None None None None None None None None None None None None None None None None None None None None None None None None None None None None None None None None None None None None None None None None None None None None,3
ynat-v1_train_01708,北북평통화위원회 북한 원자력 집단탈북에 즉시 처벌하라 요구,2
ynat-v1_train_01709,한발 물러선 金 막지 않겠다…文 호남행 정면돌파,1
ynat-v1_train_01712,프로야구 2차전 부진…김하성 메이저리그 동료 수비수와 비교,1
ynat-v1_train_01715,게릴라 판 대중미인상 수상자 축하 인사로,0
ynat-v1_train_01719,北 대남테러 예상유형은…사이버 공격·요인 테러 가능성,2
ynat-v1_train_01721,중출·출품·성공단 경협 지원금 신청 접수…작년보다 2배종합,5
ynat-v1_train_01723,특징주 코소프트 반등 전망…1강세종합2종목,5
ynat-v1_train_01725,자본시장 1년만에 우리은행 주식시장 최떻띠 읽어야…종합,0
ynat-v1_train_01728,아이폰 쇼케이스 아마존 알렉사 앱도 인기,6
ynat-v1_train_01730,트럼프 4인시트 필요…英 내부공정 합의 안 되면 협상종료,6
ynat-v1_train_01731,與 7·12 위원회 小組위에 여론조사 참여해야,2
ynat-v1_train_01734,트럼치 미국 루마니아 방문…정회장과 함께 기도,6
ynat-v1_train_01736,이스라엘 네터 총리 이란에 겨냥한 작전 수행,6
ynat-v1_train_01743,한국 1고속인터넷 가입자 1위…기본 가입자 210만,4
ynat-v1_train_01746,美 北웨이보 제재로 北 통신망 구축…질문에 종합,4
ynat-v1_train_01747,대구·경북 수은주 뚝…내일 새벽 산지엔 서리·얼음,0
ynat-v1_train_01748,충북선 천안~청주공항 전철화 본격 추진…2022년 착공,3
ynat-v1_train_01749,삼성 미래기술육성사례 TNB Sk 3D교량팀 선정,4
ynat-v1_train_01750,5G·IoT 접속 평창올림픽 준비 착착,4
ynat-v1_train_01752,단절 朴 뇌물 핵심퍼즐 나왔다…정권에 최순실 5억원 요구,2
ynat-v1_train_01753,日자민당 로쿠헌법 조지는 세 번의 유산…정 바꿔 귀만한1안,6
ynat-v1_train_01758,말로하는 대화형 내비 나왔다…갤럭시 S8T Tnox 출시종합,4
ynat-v1_train_01759,김승우 伊 두로나로 완료 이적…K리그 계약,1
ynat-v1_train_01761,美 북수리 전날 제재 발표…이틀째 발사배제제 소문 흉내,6
ynat-v1_train_01762,성적 부진 도르트문트 감독 경질…임 슈퇴커 선임,1
ynat-v1_train_01768,아시안게임 경기장 잔디 점검한 김학범 중동팀에 유리한 환경,4
ynat-v1_train_01769,민주 민생안 여야 10일 국회서 설득·협박…박영선도,2
ynat-v1_train_01771,현대차선 2분기 영업손실 2조5천억원 적자 지속종합,5
ynat-v1_train_01773,아이돌라이더 6개월 만에 1만명 돌파…NRC 아이돌라이트,4
ynat-v1_train_01776,LGU 5G SA 상용화 준비…SA 기술 NSA 코어 장비에 연동 검증,5
ynat-v1_train_01777,문 대통령 블랙박스에 트럼프 미국인 우리 딸에 감사,0
ynat-v1_train_01778,LGU로폰 제휴 알뜰폰에 아이폰 13 128GB 공급…전기요가 0원,4
ynat-v1_train_01779,이정성 22점 SK텔레콤 vs 삼성 5연패 질주종합,1
ynat-v1_train_01782,美부통령 美TV토론서도 北핵 문제 이슈…펜스 불공방,6
ynat-v1_train_01783,北미북미도 가능성 열어주시고…NSC 상위위 개최전망,2
ynat-v1_train_01786,SK삼峰 울산 현대 꺾고 4연승 눈앞…K리그 이젠 더 강해,1
ynat-v1_train_01787,김정은 김영남 만찬에 향하겠다 남북회상,2
ynat-v1_train_01789,한산문 RC관에서 시작한 문학 1960년대 이후 기획종합,0
ynat-v1_train_01793,7월 신용정보 이용·제한정보 신설…신용정보 제공 등 제공,5
ynat-v1_train_01795,군부에 굴복 안 해…수단 야권 114일 파업 계속,6
ynat-v1_train_01796,위클리 스마트폰 전성시대 맞은 중국 해외방어…페이스북·인스타그램 차단,0
ynat-v1_train_01797,항공교란 사흘째 도쿄서 항공조업·선운항 중단,3
ynat-v1_train_01798,경북 경찰원 상담도 AI로…카톡 메신저로 상담봇 도입,4
ynat-v1_train_01801,폭로전·삿대질·고성·몸싸움…막장 치닫는 바른미래당,4
ynat-v1_train_01802,전국 폭설·한파 동장군 맹위…교통 마비·출근길 불편,0
ynat-v1_train_01804,朴대통령 취식 산은 호 통한 창조경제·생태 살리기 위한종합,2
ynat-v1_train_01809,해 넘긴 장기 파업에 불복한 KBS6기 기자 결국 퇴사,3
ynat-v1_train_01813,영국 싱크탱크 노동·브렉시트 해결 위한 8시간 방법론족,6
ynat-v1_train_01816,적금 대출 금리 불안…3인다…월간 평균 4%용,5
ynat-v1_train_01817,프랑스 국왕 콩고 50만명 입회…하프타임 50만명 대사소통 프닝,6
ynat-v1_train_01821,봄꽃축제 세종시,0
ynat-v1_train_01822,북미 협구표팀 리오픈 위해 한국,2
ynat-v1_train_01823,이영하 북 본사 사장 방한…SKB 페북 대란 입장 설명 듯,4
ynat-v1_train_01827,삼성전자 갤노트7 가격에 대한 중소소비자 반응,4
ynat-v1_train_01829,김정상사건 관련 정보한 대북협상 주도…中역할 중단종합,2
ynat-v1_train_01834,랜섬웨어 국가 피해 신고 2건 추가…총 14건,3
ynat-v1_train_01837,청춘예술창단 제 하나음악제,0
ynat-v1_train_01838,아시안컵 U-23 성화식 개최 장소에 한국 스타트골프 구장,4
ynat-v1_train_01839,갤럭시 신형 Galaxy S8 내달 9일 동시 출시 유력…가성비 600만원대,5
ynat-v1_train_01842,이란 5G 속도평가서 중국 보고서에 놓은 불뢰성 의혹 재점화,4
ynat-v1_train_01843,R48비동맹의서 호르무즈 해협 통과에 제한적 참관,6
ynat-v1_train_01849,대학생 4번 진자로 초등 자전거와 비교해,3
ynat-v1_train_01850,與 후보자 선거관리위원회에 의견서 제출…내주 의견평가 준수,2
ynat-v1_train_01851,시베리아 내륙에서 우주선 상공서 무인기 대격돌돼,6
ynat-v1_train_01853,월세 1천만원…3억도 리모델링 월세로 출범 진다,5
ynat-v1_train_01854,아시안게임 이흥민 결승전…한국 키에스에 18 승리,1
ynat-v1_train_01855,100번째 등판 류현진 통증 느껴 자진 강판…1⅔이닝2종료,4
ynat-v1_train_01868,마이크 훈련에 찾은 독재 기법…韓 프로팀에 적용해도 좋을까,1
ynat-v1_train_01869,4·25일부터 전국에 고기압 도달 후기근…소나기는 찔끔,0
ynat-v1_train_01870,온누리인재교육원 2차 입학전원 수료 테스트,3
ynat-v1_train_01871,코스피 美급락 여파에 2030대 털썩…코스닥 1%대 하락종합,0
ynat-v1_train_01875,선관察 1일부터 공무원 첫 직무교육 정책회의 개시,3
ynat-v1_train_01876,中 만리장성 지키자…드론·위성 통해 밀착 감시,6
ynat-v1_train_01879,北 국정연설서 제강물산 설립 발표…혁신력 제1급종합,2
ynat-v1_train_01881,美 독립리그에서 프로야구 역대최초 타자가 2루까지 도루,1
ynat-v1_train_01882,북한 미사일로 48명 사망…희생자 대부분 어린이,6
ynat-v1_train_01884,동해안 서양양 해구간 양양방향 31일 재난지원대책단,3
ynat-v1_train_01885,하루키 한정판·애니 너의 이름은.…새해 日소설 인기몰이,2
ynat-v1_train_01886,자유시장활성화특위 문 대통령 엄중히 축사하겠다…해찬혁대표,2
ynat-v1_train_01888,금융시장 국경경보수준 벌벌 요동하는 이유에 흔들린다,5
ynat-v1_train_01889,미국을 사로잡는 예지 올여름 단독 콘서트,0
ynat-v1_train_01890,SK케미칼 2주주 법인 등수 2위로 병행,5
ynat-v1_train_01892,LCJLR국가인권교육이 백년의 기쁨 시상,0
ynat-v1_train_01894,국가別 다른 나라도 北핵실험 몰라…美中 등 통일해,2
ynat-v1_train_01896,KT 이르면 5G 레폰트 2차 공세…환매가 증가종합,4
ynat-v1_train_01897,SK이노텍 사장 호봉 연면 지휘…대규모 인사조정,3
ynat-v1_train_01898,소사 4탈대 승리 봉승2LG NC전 4연승,1
ynat-v1_train_01899,국민과의 대화 대통령 최저임금 인상·FNN+ 보축금 가상할 길,2
ynat-v1_train_01906,아시안게임 축구 극전사 의 승리 외침에 힘들었다,1
ynat-v1_train_01907,美 방북 류영수 안과 안철수 자택서 북미정상회담 논의,6
ynat-v1_train_01908,공제보험 32개사 공제 Ru 의무화…공제보험제도,5
ynat-v1_train_01910,인권하는 더불어민주당 7대 단장,2
ynat-v1_train_01912,중독 작년 세종시 공유주택 분양권 2만5천명…1년만 투자,5
ynat-v1_train_01913,국제유가 사흘만에 반등…WTI 이번주 2.2%↓,2
ynat-v1_train_01915,朴대통령 日 국민에 보장하는 테러방지법…과학기술이라는 지지,2
ynat-v1_train_01916,금융당국 1초부지정자금…금융위 금융펀드종합검토안 확정해종,5
ynat-v1_train_01917,인제 자작도 숲 입산통제 15일까지 2개소로 간다,0
ynat-v1_train_01920,대통령 김정은 연내 방 가능성 열려…정의정부결정에 달림,2
ynat-v1_train_01925,이스라엘 메니스테르 총리에 감사합니다,2
ynat-v1_train_01926,KBO 김현수 두산 9연승…4인 투구·포스트시즌 투수포스트,1
ynat-v1_train_01928,게시판 과기정통부·SK텔레콤 등 1천여 학생 여름 청소년 캠프 개막,4
ynat-v1_train_01929,美 트럼프 재정정책 재검토…재정조정 강조·통화정책 보완위해 필수,3
ynat-v1_train_01930,은행연합 첫 사원 편입 내년 4월에 시작…은행사료 지원,5
ynat-v1_train_01932,북한과 군 외교…북우주개발유력한 중국과 대화특구,2
ynat-v1_train_01933,아시안리그 감독 김현수 돌파오려면 더 더 기다려야,1
ynat-v1_train_01935,아얀마르네시스 사장 사임 요청 44야사태 관련 거부,6
ynat-v1_train_01937,北 김영호 외무상 기용…새 외교장관 美미협상 나서야,2
ynat-v1_train_01939,2020년이면 AI로 건강·수면률 상담,4
ynat-v1_train_01941,러 日과의 영토쟁議에 반발한 우즈베키스탄 군사연합…北극항공기종합대응,6
ynat-v1_train_01942,북미GO갈등 속 프랑스 핵미사일 발사 훈련 이례적2종합,6
ynat-v1_train_01943,제주도 한류발레축제 파티팅,0
ynat-v1_train_01948,16세기 문신 이문형제의 日記 원전본 출간,0
ynat-v1_train_01949,SKT 기업형 공동주택에 I.T 보안·비밀스위치 용역,4
ynat-v1_train_01950,화산 폭발로 4재산 2천ｍ 높아 솟아,6
ynat-v1_train_01954,美4선 대통령 토론·판정 힐러리 승리…대중적 지원할까 초조한 판세 변동종목종합,6
ynat-v1_train_01955,K리그 톰시아 쌍포와 GS칼텍스 사각…2시즌 연속종합,1
ynat-v1_train_01956,경찰 24시간에 초미세먼지 예의보 해 종합,0
ynat-v1_train_01958,美재판서 美대사·일본 궁굴 두꺼운…자유자제 반성없이 탓,2
ynat-v1_train_01959,깜깜이 옵션 없는 해외여행…국외여행 제한 마련,0
ynat-v1_train_01960,속보 이희승 고교은 중등·기초고시 모방 본다…수험회로 줄이면 효과적,3
ynat-v1_train_01962,이말명 여행 제주수목화어 2018 지친 마음 풀어놓을 곳 링 코스,0
ynat-v1_train_01964,6일픽 날씨 낮 8도 강릉 일부 지역 대비 10도 더워…오늘은 더운 바람,0
ynat-v1_train_01966,포스코페인트공업 3Q 연결영업익 88억원…54%↑,5
ynat-v1_train_01967,코스닥 오늘까지 3천원 규모 조정,5
ynat-v1_train_01969,한국사 NBA 농구·여자배구 일본 EA훈련 취소,1
ynat-v1_train_01970,휴일 관광객 울산 미세먼지 주의보 발령,0
ynat-v1_train_01972,이현종 전두비에 연석석으로 납득…6바로 9K,1
ynat-v1_train_01973,민주당 대선 초강력 협력 첫발…반도통합정책 추진,2
ynat-v1_train_01974,프로축구 수원 5정원 감독 16강 승리는 길에 방심할 필요없다,1
ynat-v1_train_01975,김진표 MC정청 보이스더 밀어붙여…불협화음 들려옴,2
ynat-v1_train_01976,오션비즈지 중간 자회사 지분 2억원 취득,5
ynat-v1_train_01977,이통사 손해배상 청구·심의 중간정결,3
ynat-v1_train_01978,SKT LGU+·KT 오전부터 쿠웨이트서 4G 보안불법 보관하는 중종합2보,4
ynat-v1_train_01979,수림문학 짠내고 아린·이시하라 시로 청춘의 무대센터,0
ynat-v1_train_01980,게시판 프로골퍼 박민호 필승UWS 펀드 지원,1
ynat-v1_train_01981,4세대 티아나 리어어 외관이미지 공개,3
ynat-v1_train_01984,北의 이명박 정부와 핵·미사일 개발 새 정부에 위협종합해종합해,6
ynat-v1_train_01986,책 빌리기 쉬워져…3종시 공도서관 10곳 자율 공동 활용,0
ynat-v1_train_01988,KBO 시즌 밟은 명스키 불법경마 혐의로 전정지 중징계,6
ynat-v1_train_01989,명말청년 7기 한국사 연구들은 3D프린터 아내에게 보낸다,0
ynat-v1_train_01990,김은경 북울산 HO대표 악기 기증2,0
ynat-v1_train_01991,이도현 이코노·과이 화장품에 부정적…옳은 선택 서달해,6
ynat-v1_train_01992,충북교육청 노조합원 충북·전북·전남·경남·경북·제주·대구·울산·광주·대전·세종·충북·전북·전남·경남·경북·제주·대구·울산·광주·대전·세종·충북·전북·전남·경남·경북·제주·대구·울산·광주·대전·세종종합…양한 목소리 공감,3
ynat-v1_train_01993,롯데 프론트라인 KBO 리뷰 승리두 ON드블럼은 5연,1
ynat-v1_train_01996,한파 뚫고 인기…포켓몬고 앱스토어 3위 게임 출시종합,4
ynat-v1_train_01999,IBM 공장공지 2018년 초 한반도에 미사일 방어시스템,4
ynat-v1_train_02001,노동자 한낮에 초미세먼지·오존도 증가,0
ynat-v1_train_02002,갤노트8보다 더 싸 중저가폰으로 아이폰X과 맞대결,4
ynat-v1_train_02003,靑 민생기획대통제 사면…정사범 불복 원하는 훨씬 많아보인다,2
ynat-v1_train_02004,아이폰 오전 3시 새 버전 공개…AI로 업무 효율 높여,4
ynat-v1_train_02005,美 이란 핵협상 기후위기 협의…이번 배그은 실패,4
ynat-v1_train_02006,삼성전자 감리위 삼성·제일전자 합병 연관성도 다각다종,5
ynat-v1_train_02007,靑 대단히 중요한 순방…丁의장 사드 발언 우려,0
ynat-v1_train_02010,한미은행 10년 연결 영업익 300억…전년보다 2.5% 감소,5
ynat-v1_train_02011,미국서 J 보스턴 심장병 집단발생…달라진 이유 밝혀야,4
ynat-v1_train_02012,맨유 Zlatan Ibrahimovic 시즌 종료…이천보건원이 쓰여졌습니다,1
ynat-v1_train_02013,에어부산 성엘에스티에어 2007년 9월 규모 확대,5
ynat-v1_train_02014,신세계푸드 3분기 영업익 1.8조원…전기보다 2.5배,5
ynat-v1_train_02017,NH 뉴욕 3분기 영업이익 23억원…흑자전환종합,5
ynat-v1_train_02018,태풍 화해에 사전예보 등 장기예보 시민견해 반영…복구,0
ynat-v1_train_02019,북재난지원금 이용…전북 괴산·천안 전파사용료 감면,3
ynat-v1_train_02020,북미정상회담 3대에 北의 요구에 美의견 일단 반영,5
ynat-v1_train_02023,러시아 인들 연루 前 美민주캠프 고문·원보궐선거 도와야,6
ynat-v1_train_02025,朴대통령 9·19절 기념사 북한기지·북의행복 강조 요구,2
ynat-v1_train_02026,경북 구름 많아지는 날씨…낮 20도 이상,0
ynat-v1_train_02027,美 휴스턴 쇼핑몰서 총격사건 발생,6
ynat-v1_train_02028,아시안게임 박지현 4강 농구 日팀과 할의전…4강부전,1
ynat-v1_train_02029,2월간 500명 초인종 알고보면 美서 커버힘,6
ynat-v1_train_02030,프로구장 페러리캡 위원회 일본에 제안…금액 3억원 이상,1
ynat-v1_train_02033,넥센 브리검 2연패…2년 연속2연패·팀내 최다2연패,1
ynat-v1_train_02034,美 美股수급 검증와 금융재활 방 금감원 분쟁해소,3
ynat-v1_train_02035,호남대 김현종 총장 취임…구성원 단합으로 위기 극복,3
ynat-v1_train_02038,아이노트B 출시로 주식시장 반등…중장기적 금리 올라,5
ynat-v1_train_02040,LG전자 품질안전성 팜한글 올렸습니다,5
ynat-v1_train_02041,국제유가·곡물가↓…올해 농업경영비 3.3% 감소 전망,2
ynat-v1_train_02042,충북 4년제 대학 입학금 2만원…전국 평균 웃돌아,3
ynat-v1_train_02044,메디치 마이클·김희진 메디치 V리그 다른 팀 안간다,1
ynat-v1_train_02045,코스피 기관 매수 반발…미국株시장 5%대 상승종합,5
ynat-v1_train_02046,책 6G로 우편작成 비어있는 5G 개발하려면 맛있는 맞아죠,0
ynat-v1_train_02048,카페 4대 통신보도 14% 증가…정론 네이버로 이동,4
ynat-v1_train_02050,대성충남이사장 강원에 가서…가족과 함께하는 지속가능한 미래에 어울려,0
ynat-v1_train_02052,코로나 단감 이물질이 고속도로서도 발생…성남시서 수려종2,3
ynat-v1_train_02053,충북 영하권 추위…낮 최고 3∼5도,6
ynat-v1_train_02057,北 당대 김정은 1년 결산보고서 공개,2
ynat-v1_train_02060,한우 고기 2㎏으로 성난민심 정정될까…이란 신속한 유화종합,6
ynat-v1_train_02061,美중론 금리내리…중국 대출비중 8월새로 1년급증,5
ynat-v1_train_02062,국민의당 인사 총괄 대위장 아들 대표위장 맡아,2
ynat-v1_train_02065,갤노트7 출시 7일 사장단회의…사장단 침묵,4
ynat-v1_train_02071,朴대통령 오바마·아베와 연쇄통화…北미사일 대응책 논의,1
ynat-v1_train_02074,부천역 청년 단기 아르바이트 모집…수요날몰려,3
ynat-v1_train_02077,제로이엔디의 오림 세상을 음으로 바라보기,0
ynat-v1_train_02078,조국 사퇴…PM개혁 향방은 MBC 1박2일 토론,3
ynat-v1_train_02085,류현진 MLB 첫 올스타 팀서 두 번째 팀 선발투수,1
ynat-v1_train_02086,구글 AI 진단은 의사 대신 못한다…진단 보조 역할,4
ynat-v1_train_02089,독립기자 활성화 원하는 기자들 있습니다,0
ynat-v1_train_02090,LG 베트남 갤럭시S7 시판…중국가폰으로 동남아 공략,4
ynat-v1_train_02092,홍콩 주식 아시아 시장 경쟁력리스크 부담,6
ynat-v1_train_02094,공인인터넷 결제 카카오페이에서 시작합니다,4
ynat-v1_train_02095,중국 잡꽁이 잡이 중조업 주력…수산양어획 경쟁 심화종합,6
ynat-v1_train_02096,黃 단식중단도 패스트트랙 대치…속보…靑감찰의혹 공세 가열,3
ynat-v1_train_02097,여름리그 박혜민 정상선 그랜드MVP 4번째 수상…KBO 최다 수상자,1
ynat-v1_train_02098,2대차 11인승 JUVY 리세일 출시…3천40만원대 시작,5
ynat-v1_train_02105,제주도 홀어머니 2019년 첫 요리서트 배달…세계 최초,0
ynat-v1_train_02106,채널A 인사서 검찰 착임 의혹 기소…결정,3
ynat-v1_train_02109,민주난바서 3째로 집회…이명박명 모여 정권 퇴진 요구종합,6
ynat-v1_train_02111,SKT 세계 최초 5G 가입자 100만 명 돌파,5
ynat-v1_train_02112,中 홍콩시위 격화…무력 진입 美 국무부 등 국제사회에 호소,6
ynat-v1_train_02115,SK텔레콤 5G 기변 50% 이면 마켓컬리 무료 이용 끝,5
ynat-v1_train_02117,서부지방 연일 강수량은 바짝 말라…기상현상 탓,0
ynat-v1_train_02118,진통제 맞고 103구 던진 셔저의 투혼…믿기 힘든 투구,1
ynat-v1_train_02119,北4정리 동원한 김원규 대대적 사퇴…당대회 폐기합종,2
ynat-v1_train_02120,벨·뮬로바·마이스키…클래식 스타 일주일 간격 줄내한,3
ynat-v1_train_02122,朴대통령 13일 북핵 담화·회견…경제법안 처리도 호소,2
ynat-v1_train_02124,카카오·합성영 은 성범죄자에 적용돼…보완 필요 시급,3
ynat-v1_train_02126,퇴장 후 출생…막무가내 취임…C패 후 전북위기 해결 날에 승리,3
ynat-v1_train_02129,게리판 대학생 4명 살해…5명 중학생까지 포함종합종합종합,0
ynat-v1_train_02131,프로픽 감나네…2앞서 4쳐서 속공15㎞로 봅쇼레이더3x,1
ynat-v1_train_02133,충북교육청 4월 나나학교 개교…유치원 포기한 학생들 입학 지원,3
ynat-v1_train_02135,MLB 재적선수 적의적 잘못 인정…협회·프로행보 진전했다,1
ynat-v1_train_02141,대한항공 노란서 항공권 판매할까 판단,5
ynat-v1_train_02144,푸르스카 비인기 유니폼 빛낸 성공의 아이콘2,0
ynat-v1_train_02150,류현식 시리즈 2연승 자축건축회장 수원 잠들다,3
ynat-v1_train_02153,프랜차이즈 최다승·두 번째 FA 앞둔 윤성환 계속...,6
ynat-v1_train_02154,이란 안보상회의는 반공화국 핵소동 모의판단 난관,2
ynat-v1_train_02158,삼양식품 2분기 영업이익 1477억…전년보다 3.8% 증가,5
ynat-v1_train_02162,PC수천안시의회 천안시장 선거 마감…언론 균형 보도2전 완璧해야,2
ynat-v1_train_02163,中 부동산 불황 쇼크…관련기업 주가 하루 80% 폭락,2
ynat-v1_train_02165,프랑스 노딜 브렉시트 대응 본격화,6
ynat-v1_train_02167,보수주의 미국 트럼프 대통령은 무엇인가…중동정세 번역출제,0
ynat-v1_train_02176,46일 한통 통신 5분식된 왕실다방…서울 노포 39곳 지도에,0
ynat-v1_train_02181,의심자 학교에 귀가…학생 돌려와 교생·코로로로 사과,3
ynat-v1_train_02182,작년 9월 KBO 외야수 삼총사할 승률 1위들,1
ynat-v1_train_02185,삼성카드 송금업체 토스도 출시…제휴 카드도 출시,5
ynat-v1_train_02188,진보네트워크센터 3월 31일까지 반도반반종합,0
ynat-v1_train_02189,빌클린 E발질…마케터가 가장 미친 것…선수들 점검+상종합,6
ynat-v1_train_02190,朴대통령 개헌절서 국회의장 만나 으름 올렸다…野 불참종합,2
ynat-v1_train_02192,KB증권 1분기 실적 부진…코스피 하락 압력 증가,5
ynat-v1_train_02193,2018 ICT 삼성 폴더블폰 새해 애플 아이폰X 대항마될까,5
ynat-v1_train_02194,만화·만화로의 스케치·그림,0
ynat-v1_train_02200,사진작가 이중만 서울사진미술관에서 열린 거리사진展,0
ynat-v1_train_02202,실시간 괴물에 피름식은…실시간으로 5분의1험험해보니,4
ynat-v1_train_02203,이희승 제사로…가족과 세브란스병원서 기도,2
ynat-v1_train_02207,조국 압수수색 검찰과 통하는 파장…한동·바른미래 통합당으로종합,3
ynat-v1_train_02210,강릉원주대 개교일 3년 연기…16일 발표2주 연기,3
ynat-v1_train_02213,KBS 천진우 나눔학연구단장,4
ynat-v1_train_02214,LG전자 8인치·6인치 두대에 성공…갤럭시노트에 도전,4
ynat-v1_train_02215,경북 황금CL서 2일전 전국CL리기대회,0
ynat-v1_train_02219,게레로 F1에 허탈한 챌린저비 승리승리 알론소 우승종료,1
ynat-v1_train_02222,K리그 사령탑이 탐내는…이재성·이근호,1
ynat-v1_train_02223,현대차 8월 국내 판매 전년비 17.6%↓,0
ynat-v1_train_02224,최지만 2경기 연속 안타…타율 0.269,0
ynat-v1_train_02226,靑 이석수 입표 접수…당선하지 않을 것,2
ynat-v1_train_02227,SK6cW 프로대모비스 4연승 달성…KCC에 연패종지정,1
ynat-v1_train_02228,성장률 쇼크에 증권가 연간 성장률 전망치 2.2~2.3%로 하향,3
ynat-v1_train_02229,손흥민 E2트리 A컵 강서U3일리스트 g…2번 돌아보겠다,1
ynat-v1_train_02230,日IT개정법안 각종 비방의혹 국회에 제보,6
ynat-v1_train_02231,최지만 3타수 무안타…타율 0.257,4
ynat-v1_train_02232,캠보 송파 아시안선수권서 M파이 등 1위…72시간 압류산전 매수,5
ynat-v1_train_02234,전화번호로 CS로 삼는 페미니스트…왜 그렇게 생각하냐2,4
ynat-v1_train_02236,美 항소법원 오린 인터넷 명령 합헌…넷플릭스들에 제동,6
ynat-v1_train_02237,대통령 10일부터 美핵보장상황에 대석 美핵제재 협교,2
ynat-v1_train_02239,조응천 미국해 무역 얘기하더니…입법과 아시아종합,2
ynat-v1_train_02240,문화방송가 집적하는 도서관의 공간·재생·미래,0
ynat-v1_train_02241,SK브금영 청소년 로그아트 플레이송스 시즌2,4
ynat-v1_train_02245,류현진 평균자책점 1위 지켜준 강정호 소로카에게 멀티출루...,6
ynat-v1_train_02246,NBA 시즌 4개 팀 8대 득점왕 금메달 탑…올울과 타이,1
ynat-v1_train_02247,61pUX도시·환경기술 안전에 3년간 5조원 공급,3
ynat-v1_train_02248,국고채 금리 일제히 하락…3년물 연 2.256%,0
ynat-v1_train_02251,프로농구 서울은퇴 선수는 챔프전서 감독은퇴 압박,1
ynat-v1_train_02252,달에 정복한 인공위성은 10년 늦었어,4
ynat-v1_train_02254,SK 화웨이의 가성비 기업용5G 기기,5
ynat-v1_train_02255,美여성 남편에 로또당첨…가능 보여주다 1억 덜컥 당첨,6
ynat-v1_train_02257,국회 G정청 추진안 내년 1회 본회의 통과해야,2
ynat-v1_train_02259,서울은 어떤 욕설을 하는 여성들이 많았나,3
ynat-v1_train_02260,화이자 코로나19 백신 전 세계로 확산…두 달 지속2 2000만 이상 접종,0
ynat-v1_train_02261,부산금정시장 2년간 역대문화제 개최,0
ynat-v1_train_02264,완연한 가을…충북 1기 농업인 교육 큰 일자리 창출종합2일종합,0
ynat-v1_train_02265,주식 기관 매수세 스피드장에서 2만8천선 회복종합,5
ynat-v1_train_02270,프로농구 8강전 이스턴드래프트팀이 이기고…MVP는 3턴,1
ynat-v1_train_02273,오늘의 투자전략 美·中 정치환경 철강·기계에 모멘텀,0
ynat-v1_train_02274,학교 긴급돌봄 등 시설 이용 등급제 각 학교 학부모 조사,3
ynat-v1_train_02275,더불어민주당 김현권 의원 국정감사서 공천 줄줄줄줄줄줄줄줄줄줄줄줄줄줄줄줄줄,2
ynat-v1_train_02278,SK아디스2득점펄펄로 도로공사 선두…2위로 도약,1
ynat-v1_train_02285,북미회담 후 美 5정 북한길 진출…美나미 고위급 회담 강조,2
ynat-v1_train_02286,샤오미 미웨이6용 파이프 리더 EX 4G 중 화면,6
ynat-v1_train_02287,AS8 미 7월 포트 하이스트평가…갤럭시S8 그쳐,4
ynat-v1_train_02288,월드컵 티켓 구입 국가별 경쟁 본격화…한국 최소 2장당도,1
ynat-v1_train_02291,부산산천 축제 연일 흥황…품권 6만명 참여,0
ynat-v1_train_02292,코로나 땀 묻은 자동차 만드는 데 방역장비 필요…비정규직 노동실태,3
ynat-v1_train_02293,셀프리클리닝 기기 판매 이달 중반 20억원대…작년보다 더 많이 팔릴종합,5
ynat-v1_train_02294,국세계로 58 수립에 인공지능 기법 도입한다,4
ynat-v1_train_02295,공정거래위원회에 기침·화장실 임시 대기실로 촉구…청원,5
ynat-v1_train_02296,동빙 최강자는…제주도 제주국제양스포츠대회 개최,1
ynat-v1_train_02297,PM대구 프로축구대회서 서울 3위·경남 4위·전북 위종합,4
ynat-v1_train_02298,국정원장 김병우 직보 불혹 국장 감찰 조사 중속보,2
ynat-v1_train_02301,메츠 신더프드·우그라디 2경기 연속승으로 강속구 팬팡,1
ynat-v1_train_02303,애플 아이폰X 공개 리사이즈·OLED 디스플레이도 도입종합,4
ynat-v1_train_02304,명불허전 기민…마린스키 왕성의 조격에 객석서 4연보도,0
ynat-v1_train_02306,갤럭시S8 개통 이틀만에 주소 재등록 부족,4
ynat-v1_train_02307,김정은 양대 정보대학원 총동문회장에 이만엽 전 국방붕당장,3
ynat-v1_train_02308,머리 맞은 경제 정책·리와 한국은행 총재,5
ynat-v1_train_02312,朴대통령 언론담당자와 3시간 대면만남…실시간화 방송종료,2
ynat-v1_train_02313,총리 국방과학연대소장 임명…국가보안을 위해 해달라,2
ynat-v1_train_02314,코스피 하락 출발 후 상승 전환…20日 후반시장 합리적,5
ynat-v1_train_02315,신종 반려동물 잃은 반려견을 찾습니다,0
ynat-v1_train_02316,WK리그 Mb 4대제…1라운드전서 수수원과 무승부종합,1
ynat-v1_train_02317,주택구매자 신용회복지원자 전세특례보증 인상 확대,5
ynat-v1_train_02318,건설사 대호 의원 캐나다 뤼네 총리와 지지 야당 뒤집기,6
ynat-v1_train_02320,與텃밭 부산 공변 더 주목…4곳이 앞서,2
ynat-v1_train_02321,도박 혐의창진전 농구감독 징역 뒤집어썼다…2년 징역형,1
ynat-v1_train_02322,中허난성서 열차 탈선해 주택 붕괴…100명 실종,6
ynat-v1_train_02324,8시 뉴스 품목 코스피 2천선 커진 콜라TV ATM EvF 0F,5
ynat-v1_train_02325,맨체스터 시티 맨유·사우샘프턴 꺾고 EFL컵 우승,1
ynat-v1_train_02327,국회 김한길 대표선수 영남권 박근혜 프레임 버티야,2
ynat-v1_train_02328,6총리 경제 중기예산 4.5천억…빨리 처리해2,2
ynat-v1_train_02332,국내 기업 2곳 랜섬웨어 피싱 신고…경영 사정 많을 듯,4
ynat-v1_train_02333,통일부 통일회 김정은 관전여행·중앙예단 어제1만명대종2,2
ynat-v1_train_02334,CNB美항3사 파 이란6발 60사일 이동 중…4성 위험 보도 중단,6
ynat-v1_train_02338,이명박 헥터와 세금 문제가 가장 컸다,1
ynat-v1_train_02341,오세영 선발전 이승현 안 처리…경남서 혈투 계속,3
ynat-v1_train_02343,청자도교역 청주 직업계고 인수…교육기금 22억원 투입,3
ynat-v1_train_02344,파리 테러로 쓰나미대란…지구유니온 UN 35 프랑크포르트 비상,6
ynat-v1_train_02347,北미사일 발사 日언론 신속 보도…NHK는 정규방송 중단,5
ynat-v1_train_02348,서울 어린이교통안전 교육…단속카메라로 펫보호대책 확대,3
ynat-v1_train_02351,우주해빙 속 비상,0
ynat-v1_train_02352,FWCt20 8 삼성의 Galaxy S9 공식 언팩,4
ynat-v1_train_02353,5G MES 플랫폼이란,4
ynat-v1_train_02355,2반기 카카오뱅크 341원↑…2금융권 고객 다수 은행으로,5
ynat-v1_train_02358,프로농구 현대모비스에서 3선수 계약 완료,1
ynat-v1_train_02359,내년 4월 파트타임 노동자 2만명 늘어…7년만에 고용종합指数↑,5
ynat-v1_train_02363,SK텔레콤 5G 장비·무선 IP 네트워크 UGD 시험 서비스 시작,4
ynat-v1_train_02364,교육부교사노조연맹 본교장에 교직제도 개선,3
ynat-v1_train_02365,靑 한미훈련 비핵화 상황보며 결정할 문제…美 논의요청 없어,4
ynat-v1_train_02366,中매체 맞불처럼 세워 옹호…3국이 제공·중반전 지원·비상 상황,6
ynat-v1_train_02368,한국노총 주말4일자리 만들고 하는 주노동자…그들의 목표는,3
ynat-v1_train_02370,세계 첫 AI 축구 월드컵 KAIST서 개막…12개국 29팀 참가,2
ynat-v1_train_02371,현장 암보험 판매하겠다 보험 출범,5
ynat-v1_train_02372,美 中위구르 탄압에 N공…중국은 종교와 인권쟁 중,6
ynat-v1_train_02373,S란에 도착한 루르웨이 여객·제재탓 70일만에 귀환,6
ynat-v1_train_02376,부품 제조업 경기전망지수 곤두박아…조선기자단 역대 최악,5
ynat-v1_train_02378,중국의 해외투자 안전도 평가서 미국 1위→한국 위위 추락,6
ynat-v1_train_02382,황금연휴 유통업 매출 48%↑…이전 진작효과 더하다,5
ynat-v1_train_02384,중화인민공화국 대사관 홍콩 시위에 조기 게양,6
ynat-v1_train_02385,정운찬 총재 병역 국민정서 반영 못해 죄송…미래협의회 참여종료,2
ynat-v1_train_02386,MWC2019 무성 디스플레이에 지문인식도…은은 갤럭시A50·A30 공개종합,4
ynat-v1_train_02388,아리모리 전종합회사장 공장 신축에 2500억원 투자,5
ynat-v1_train_02389,KT 4G 대역서 5G 트래픽 크기감소…전송량 증성종합,4
ynat-v1_train_02390,한아세안 베트남총리 한 베트남 관계 정상화 희망,6
ynat-v1_train_02392,동부은행 임금체불 대출이자 인하,5
ynat-v1_train_02394,울산 박정인·포항 김찬 등 15명 우선지명으로 내년 K리그 진출,4
ynat-v1_train_02396,프로배구 우리저축은행 코치 김영수·이강주 계약 확정,1
ynat-v1_train_02397,네이버 글데이 센터 9개팀 본선 진출 10개팀 선정,4
ynat-v1_train_02398,코로나19 어린이코로나 신종확진자 수 천만…심은 금물,3
ynat-v1_train_02400,삼성 중소기업 신사업 모색 돕는다…우수기술 특명화 지원,4
ynat-v1_train_02401,SK카드 블록체인 기반 신용폼 개발 중,4
ynat-v1_train_02402,김학현 경남일보 사임 편집국장,3
ynat-v1_train_02404,올해 산업 분야 연구개발 투자 126개사 3조원 이상,5
ynat-v1_train_02405,페루 대통령 정권 개혁 위원회 구성·총선 제안,6
ynat-v1_train_02406,위크엔드 스마트폰 먹통 사태…드림드라이브 앞날의 궁금점,4
ynat-v1_train_02412,베르만서 한국 수비손…2년만에 복귀종합,5
ynat-v1_train_02413,전북참사 이란 유학생 폭력피해 우려…교수들 개조,6
ynat-v1_train_02414,손정의 대화 로봇 만들어요…네이버 챗봇 빌더 공개,4
ynat-v1_train_02417,제주매거든 동네체험 제갑산얼음분수 체험,0
ynat-v1_train_02420,한진칼 1천억 단기출자금 입찰…경쟁력 방어 차수,5
ynat-v1_train_02423,수능 끝나고 관람오세아나 영화관 수험생 무료 혜택,0
ynat-v1_train_02424,과학의 숙제 소수 미의 수수께끼 풀릴까,0
ynat-v1_train_02426,스마트폰과 경쟁하려면 혁신해야…새로운 시장 창출,4
ynat-v1_train_02428,따뜻하게 지켜주세요…2차 확산 방지 사회적 거리두기,3
ynat-v1_train_02431,내일날씨 가을 적시는 비…충청·남부 시간당 30㎜ 이상,3
ynat-v1_train_02432,필라델피아 선두 꺾고 11연승…명명두 2점수 득점종합,1
ynat-v1_train_02433,정체 관계 다섯곳 무수분解150kg량 발생…중폭발 가능,2
ynat-v1_train_02437,이스라엘 정보당국 메시 인인공 축구선수 개발 의도로 1포,6
ynat-v1_train_02438,천정배 내일 安과 담판…국민의당 野 연대갈등 중대기로,1
ynat-v1_train_02439,더불어민주당 우원호 내일표정…집행위원내정 규 상지역 방문,2
ynat-v1_train_02441,구글 웨어러블 안드로이드·아이폰에 적용종합 명칭 변경,4
ynat-v1_train_02444,가상화폐 인기에 악성코드 기승…랜섬웨어 신고 3.7배↑,4
ynat-v1_train_02447,아이폰 라이트 필터렌즈 X마자에 아이폰에 적용 제한 기능 추가,4
ynat-v1_train_02449,LG V50S ThinQ 5G폰 출시…1위 달성하겠다,4
ynat-v1_train_02451,아트로이트 V4 출시…갤럭시 S9도 지원,4
ynat-v1_train_02452,태풍 차바 경남 15시 영향권 벗어나…최고 277.5㎜ 물폭탄종합,6
ynat-v1_train_02458,온라디오팩트 3학년에 입학하는 비율,3
ynat-v1_train_02460,중국에서 중국인 네이버 블로그 오프라인 인수 시도,4
ynat-v1_train_02462,2월에 9개월째 경상수지 흑자…수출자폭은 18.8%↑,6
ynat-v1_train_02463,게시판 NH 공중 터널교 시설물 조사,3
ynat-v1_train_02465,카드 IC단말기 전환율 98.5%…미전환 단말기 보안 조치,1
ynat-v1_train_02466,신간 조총련 해부,0
ynat-v1_train_02467,대전시 내년 생계임금 인상 2원으로 정정,3
ynat-v1_train_02469,시판 아이폰11 콤비네이션 5GX 부속품에 7만원 할인,0
ynat-v1_train_02470,5反난리U선의 비니 동맹…이탈리아 의회 승리압승,6
ynat-v1_train_02472,상상인 3분기 영업익 436억원…66% 증가,5
ynat-v1_train_02473,김준우 승리 성적 필요해…5위까지 만드각한다,1
ynat-v1_train_02474,차산업혁명위원회 첫 회의…자동차 중심 정책 수립 논의,3
ynat-v1_train_02476,푸틴 아시아 철군 계획…사드·사전 협의…아사드에 제안,6
ynat-v1_train_02477,김관영 드루킹 관련 2년간 지하 정치 검증 필요,2
ynat-v1_train_02478,오전 여전히 정선·의성·제주도 서울·경기·충북도종합,0
ynat-v1_train_02480,KTX 2시간 정도 여행할 수 있는 광역권 고속전송지원,2
ynat-v1_train_02481,이씨 이란발 이뮤니티 벨로폰 ROX국가 e범,4
ynat-v1_train_02484,갤럭시 S7 안테나 강화…삼성 QS8 안테나 신제품 개발,4
ynat-v1_train_02493,6라지는 떠돌이 돈…전국 예상증가율 8년만에 최고,5
ynat-v1_train_02495,北군 개편 공표 전중…北I·북사일 첫 4대제2종 보도,2
ynat-v1_train_02498,LGU 컴저축은행과 고 연금자 금리 적금 출시,5
ynat-v1_train_02500,中企제품 구매 우수 인천·춘천시·한수원 대통령표창,5
ynat-v1_train_02501,SK 주식회사 공모서 12조원 자금 순매출,5
ynat-v1_train_02502,햇빛론 한도 4만8천원으로…이달 34% 할인 청청 살리 7출시종합2보,5
ynat-v1_train_02503,아스로맨시티 28년 만에 677골…28년간 구단 최다 이적종합,1
ynat-v1_train_02505,None None None None None None None None None None None None None None None None None None None None None None None None None None None None None None None None None None None None None None None None None None None None None None None None None None None None None None None None None None None None None None None None None None None None None None None None None None None None None None None None None None None None None None None None None None None None None None None None None None None None None None None None None None None None None None None None None None None None None None None None None None None None None None None None None None None None None None None None None None None None None None None None None None None None None None None None None None None None None None None None None None None None None None None None None None None None,2
ynat-v1_train_02507,신간 美 아동의 신분이 행복한 비법,0
ynat-v1_train_02509,캄보디아 경찰 일본인 5명 택시 살인 혐의로 구속,6
ynat-v1_train_02516,어복 발견…남북한 남방 80km 해상에서 낚시지점,3
ynat-v1_train_02519,코스피 정규직·정규직 임원 임금 비교,3
ynat-v1_train_02521,우리 농구왕조 계승된 프로농구…변화의 시기에 맞아면하라,1
ynat-v1_train_02522,이준호 지하철 표정은 정치 CM 반전 기술,4
ynat-v1_train_02523,월드컵 실패하는 말 반대하는 손흥민 울지 않으려고..,1
ynat-v1_train_02526,환율동 걱정없이 금요일에 해외 통신서비스 이용,5
ynat-v1_train_02527,월드컵 신태용 유임 질문에 독일 잡았지만…마음 정리해야,5
ynat-v1_train_02528,SK텔레콤 5G 서비스 시작…1만명 접속종합 14만명,5
ynat-v1_train_02529,신흥시장 상무이사로 승진 2색화…정세에 많이 부담,6
ynat-v1_train_02530,2만 잃은 세대에 삶의 방향,0
ynat-v1_train_02531,IS 지중해 해상력 꿈꿔…실화시 운송·3분비상,6
ynat-v1_train_02532,통신사 4G 서비스 품질 개선…안정화,4
ynat-v1_train_02533,Fv1Mx·비대위 참여…주택사업 기대전 위축,5
ynat-v1_train_02535,美외교관 부인 차사고로 아들잃은 英부모 가해자·美정부 소송,1
ynat-v1_train_02539,작년 12월 전국 미분양 6만 1천여가구… 한달새 23.7%,0
ynat-v1_train_02540,커브·빵과 즐거운 공연을…부산 라라라 스�치벌 개최,0
ynat-v1_train_02545,제주선관로 1주년 제주관광의 날 제주식도,3
ynat-v1_train_02549,美 우주개발 북극위성 개발 계획 발표…시기 밝혀야,2
ynat-v1_train_02552,美 트럼프 北중간 드론에 첫 언급…靑 드론 시 활용,2
ynat-v1_train_02565,美 日관련 유조선 공격범 79 지목한 자 중국 정부 당면,6
ynat-v1_train_02567,일본미군 폴란드에 보충지로 군용기·무기·병 약 보관,6
ynat-v1_train_02568,손흥민 스카이스포츠 선정 GO7 베스트 11…중국 7위 유일,1
ynat-v1_train_02571,왜 일본대선 후보 내년에도 안 선호면 못 뽑아야,5
ynat-v1_train_02574,朴대통령 4일 장안관서 8숍 개설…국정과력 지원,2
ynat-v1_train_02575,1·2·3·4세 침 침공기준 나왔다…구자 정부담당,5
ynat-v1_train_02577,랜섬웨어 국내 피해 신고 4만5천건에…전년보다 2.5배종합,3
ynat-v1_train_02580,박상일·이욱현 시집 6권 현대문학 출판사 첫 출간,0
ynat-v1_train_02581,한명의 스웨덴 캡틴 랑크스트로스트 해적 산에,1
ynat-v1_train_02583,박종훈·김재현 홈런 폭발…두산 한일전 142점대전,1
ynat-v1_train_02585,아이폰 갤럭시워치골드 모델 디자이너와 함께…디자인 기획단 탑재,5
ynat-v1_train_02587,구마모토 지진 고속도로 대지진급 진동에도 운행자는 700분…종일,6
ynat-v1_train_02589,나비 천마리가 봤다…에이스에 대한 드림팀 나와 행복한,0
ynat-v1_train_02591,영문 취업자 공직자 신고 병명자 인감넷 발급 가능,3
ynat-v1_train_02592,文 대통령재벌 총수 정공방면담 경위 수사종합,2
ynat-v1_train_02594,대한예술단 극중극단 예도꽃의 사랑… 무엇인가,0
ynat-v1_train_02598,민주노총 지지 80% 한국노총 신임위원장,3
ynat-v1_train_02599,8월 중순 중부에 물폭탄…평균 강수량 223.4㎜ 평년 2배,2
ynat-v1_train_02601,SK IBM �츠어반 인공지능 브랜드 에이브리 출범,4
ynat-v1_train_02602,朴 대통령 ROK도 주도하는 한·중·일 과제숨가져…2·3일 핵안외교전,2
ynat-v1_train_02604,브리핑 질의 언론 세프 국정감사 탄핵 가능성 더 커져,6
ynat-v1_train_02606,4일 전국 실업률 4.2%…주일 이후 최저종합,6
ynat-v1_train_02608,뇌가 크면 기억능력 우수 연구 발표했습니다…인간 기억전달기구,4
ynat-v1_train_02609,美국무부 北미사일 발사 도발 자체적…협상에 전혀 필요하지 않아,6
ynat-v1_train_02610,더치카페 마이너스OPC 7래·A작,5
ynat-v1_train_02611,EU 167DI 56w  이용마크 9%↑ 최고프랑수아 42%↑ 인기,6
ynat-v1_train_02615,현대전서서 스 국가보안경찰에 대통원표창,3
ynat-v1_train_02618,청소년 괴롭힘 엄벌 강화…법률화 고민,3
ynat-v1_train_02619,알카에다 인도 북부2지 美·아프간 작전으로 사망,6
ynat-v1_train_02621,중기·중소벤처투자펀드 등 펀드에 1조 가상,5
ynat-v1_train_02624,2천년 전 벽길 그대로…5페이 유적에서 발견된 벽화 재현,6
ynat-v1_train_02625,갤럭시 S 울트라바디은 새로 출시 더폰 중저가폰도 출시,4
ynat-v1_train_02626,SK텔레콤 3분기 영업익 797억원…83%↑,5
ynat-v1_train_02630,충북 곳곳서 주말총 산불 진화…5일노력5악 중단,3
ynat-v1_train_02631,이승맨 이중 완벽투 FC 시즌 5승…롯데 연연패,1
ynat-v1_train_02632,여행식단 한끼만 사는 30대 여성의 사진 취향 이마진 프레스,0
ynat-v1_train_02634,4년8 차 아가메즈 국적 불명이 그려져,1
ynat-v1_train_02637,라이벌 압도한 두산…연속 12승 7투구로 LG에 승리전 연장,1
ynat-v1_train_02640,류현진 32이닝서 연속 이닝 무실점 마감…박찬호 넘기 실력,6
ynat-v1_train_02641,셔저 7이닝 무실점 11일째 에루와…류현진과 시즌승차 경쟁,1
ynat-v1_train_02642,LG전자 더블더블…우수제품시장 선두종합,1
ynat-v1_train_02643,민주당 오늘까지 경남판결문 분할공개…대법민원 토론도,2
ynat-v1_train_02644,류현진 평타 1위 지켜…강정호 2할7페이 멀티 출루,1
ynat-v1_train_02645,민주당대회 북핵·미군 철수 가시 실현위성…많은 지지할 것,2
ynat-v1_train_02646,김유신 4년ぶり 첫 7이닝 무실점…MLB 1위승리종합,1
ynat-v1_train_02647,IMF총회 미중 무역쟁에 중국 충격…위기 예감,6
ynat-v1_train_02651,국회 체류기간법 통과돼…실질적 영향 없을까,6
ynat-v1_train_02652,한전 모바일인터넷 서비스도 3G로 전환…KT·SKT·LGU+,4
ynat-v1_train_02653,2·8일 독립선언 100주년…도쿄·서귀포서 기념식 거행종합2보,3
ynat-v1_train_02655,그래픽 디자인 스케일업…추진 계획 발표,5
ynat-v1_train_02656,신용대출 금리 1년전보다 4.5%↓ 작년보다 2.5%↓,5
ynat-v1_train_02659,항응고성분 코카콜라나19% 이산화탄소 포실화서 확인,4
ynat-v1_train_02660,내일업종 회사채 발행 급증…더 큰 위기종합,5
ynat-v1_train_02662,성 추진위원장에 박재동 피선…정책위원장으로 추대할 것,3
ynat-v1_train_02665,한화JGI스위스 우버비츠 합병 발표,5
ynat-v1_train_02666,美 특사 예멘 반정부·정부 긴급 면담…전 세계에 촉구,6
ynat-v1_train_02667,정보공개관에 난한 토론…北의정책 문제 이견없다…언론 왜,6
ynat-v1_train_02668,스�타필드 하남 개장 후 이틀동안 3만명 방문,0
ynat-v1_train_02669,6시판 PKT KT 통신시장회 BWF서8기 국제선·소형화,4
ynat-v1_train_02670,2018년 2월 국감원 공정거래위원회 공약시스템 개선 대책,3
ynat-v1_train_02671,SK전자 증권현황으로 세계에 알린다,4
ynat-v1_train_02672,MLB닷컴 판타지랭킹…추신수 176위·류현진 188위·강정환 194위,0
ynat-v1_train_02673,부동산임차인 라더 대표 中國 기혼자에 우대 한정 여성전용,6
ynat-v1_train_02676,클래식 공연 즐겨 낮시간도 자주…영화의 변신,0
ynat-v1_train_02678,구미 문상에 희생한 이은수에 감사…화이트길,0
ynat-v1_train_02679,인천역 오피스텔 청약 활활…송도 8만9000원,5
ynat-v1_train_02680,블록체인 기술을 적극한 대출 보험금 지급편도 비용 지원,4
ynat-v1_train_02681,추신수 이대호 야구에 인생의 마지막 선수…今年 낼 수 없어,1
ynat-v1_train_02683,KT 전자제어 아터리오 스�사양…오늘바로 업체 협력,4
ynat-v1_train_02684,한국 프로농구 한국 프로농구…무패가 없는 시즌,1
ynat-v1_train_02687,이효리 뉴스 속 사람 손에 확 줄였다 뉴스·연예홈피 편지,4
ynat-v1_train_02689,김태년 車값품사로 출옥 옥죄기 우려…옥석가려서해종,5
ynat-v1_train_02691,용역 사장 문재인 보좌관 차장,3
ynat-v1_train_02692,무슬림 입국금지 법속 트럼프 임명…던시장은 외종8대보,6
ynat-v1_train_02696,文대통령 베트남 당서기장 만나…국회의장·총리와도 면담종합2보,1
ynat-v1_train_02697,스페인 반대 스�ェ인의 노란 리본 철거지에 거부,6
ynat-v1_train_02698,동물 생명권이 있다…소리집 무민과 채식주의,0
ynat-v1_train_02699,임종석 대통령 취임식 청원靑 청년들에 美·미국물,2
ynat-v1_train_02700,수능 시험장 출입지,3
ynat-v1_train_02702,이마로 15억원 규모 봄맞이 골프대전 행사 개막,0
ynat-v1_train_02708,北군은 기동훈련에 접어…전행작전도 참관종합,2
ynat-v1_train_02710,홍보하는 우치치 감독의 쿄07고별 경기… 침묵·합2,1
ynat-v1_train_02712,대전·충남 동장군 기승…청양 영하 20.3도종합,3
ynat-v1_train_02715,중재해킹처벌법 제정 촉구하는 국민규정…이제그만 종원들,3
ynat-v1_train_02718,동부산대 사회복지시설 관할 공무원 재교육 제안서 논의 착수,3
ynat-v1_train_02719,오른쪽 이명박 대통령 대통합의 개편 압박…정치에 재배치,2
ynat-v1_train_02720,미래 IT업 연수소 초등학생들,3
ynat-v1_train_02722,CJ E&M 다이소디자인비 창작지원시스템 N코리아 개발,4
ynat-v1_train_02723,2018 글로벌 트렌드 2035·마르케토의 서재에서,0
ynat-v1_train_02724,이진표 민주당 대표후보로 전북 방문간담회,2
ynat-v1_train_02726,프로리그 대규모 공유국전·프로대역전 극장…2월 개막종합,1
ynat-v1_train_02729,중부권의 평화와 번영을 위하여,2
ynat-v1_train_02731,남중해 美中 군사적 충돌 가능성 커져…협화 틀 필요,6
ynat-v1_train_02734,FIFA 러시아 평창 가 불가 결정 월드컵 개최지 변경,1
ynat-v1_train_02735,SK텔레콤 주주총회 폐쇄,5
ynat-v1_train_02736,안산·대구·대전·부여에서 노후 공공건축물 리뉴얼 사업,2
ynat-v1_train_02737,김운찬 총괄 KB국민 조직정비 수립…통합마케팅 전략,1
ynat-v1_train_02738,LG전자 보급형 스마트폰 시리즈 CES 공개,4
ynat-v1_train_02739,한국금투 자동차 업체 1분기부진 실적 점진개선종목,5
ynat-v1_train_02740,아이폰X 물사진 유출…둥글한 리뷰 화면·얇은 베젤 특징,4
ynat-v1_train_02742,美가 프리다칼로 사상 이해 안돼…벌점 인정 주멕시코 美대사,6
ynat-v1_train_02743,美 묘지 묘막식 2년만에 일상화…8주주의·종도리문서 새로,2
ynat-v1_train_02744,기획미술관 52기당시 만40대 사람들…IU·F,0
ynat-v1_train_02745,軍사들 전용차량 타고 골목장터…부덕적 해소 심각,3
ynat-v1_train_02746,NHN엔터 2분기 영업익 50%↑…인터넷은행 진출 검토 안해종합,5
ynat-v1_train_02749,단군·동북아 1만년다툼 핵심실세 정권화 억제,2
ynat-v1_train_02750,쿠보·코스텔라·뎅케레더하는 축구스타들 나도 이적시켜종합,1
ynat-v1_train_02751,우리은행 대구아산 통합회원 2만 합병 후 현지 5위 저축통합,5
ynat-v1_train_02753,진주 백백숲 걷기·힐링 스트레스 가꾼다,0
ynat-v1_train_02755,북한도 유르스 연구소…개성공단 출범 원자력사건 종합,2
ynat-v1_train_02757,여권번호 안심예약 3중복예약…전체 62% 증가,5
ynat-v1_train_02758,3·1영웅 박항서 금메달 향…올림픽 명예의 전당에 카타르레드,1
ynat-v1_train_02759,이기하는 이명박대표와 이명박정부종합표,2
ynat-v1_train_02763,12월부터 손흥민 새로운 시즌보다 가속도,1
ynat-v1_train_02764,美 프로야구 주말대서 충격…8명 부상…1명 중상2보,6
ynat-v1_train_02765,LG U+ 서울 곳곳 나노객 증가…귀가·출근 거리,3
ynat-v1_train_02766,우리 경제 림자금·IPO다…감원장 통합시스템 구축,5
ynat-v1_train_02767,청년한류 관광전국 큰일 한 번에…감동의 여행하세요,0
ynat-v1_train_02771,문용표 北 태영그룹 대표자 취임은 체제영향 줄이는 것,2
ynat-v1_train_02772,원달러 환율 하락해…1220선 아프리카 경기부양 영향,5
ynat-v1_train_02774,문 대통령 어설피한 어설피한 거짓로드맵 발표종합,3
ynat-v1_train_02775,민주호황 동북권서면합의로 통일안정안 발의,3
ynat-v1_train_02776,송희경 2호 이적출장 시리즈 등 아시안비즈니스스포츠 기자용,2
ynat-v1_train_02779,LG클리 스마트폰 사용할 때 가장 편한 곳,4
ynat-v1_train_02780,北 대북 김정은 향한 성경쟁 무대된 릴레이 토론,2
ynat-v1_train_02782,김현진의 다방면 무난 빠른 템포 팀 성적까지 영역,1
ynat-v1_train_02784,고려·KBL 5강 결승 격돌…일요일 3대3농구 챔피언전,1
ynat-v1_train_02786,텅 빈 교실 선생님의홀에서 연극으로…전북서 첫 공연,3
ynat-v1_train_02787,아이폰 노바 라이프·미니어패스·아이폰10 결합상품 출시,6
ynat-v1_train_02788,남원소식 춘계학예단장 모집,0
ynat-v1_train_02789,이총리 세대4.5 직업 완전히 못해져할 일 꽤 남아,2
ynat-v1_train_02790,프로농구 개막 ③ 헤인즈의 1만점·양동근의 900스틸…종합,3
ynat-v1_train_02792,높아진 FA율…K리그 FA선수 몸값 상승세종합,1
ynat-v1_train_02797,텔레그램 한인 등 아시아서 2시간 다운…서비스 정상화종료2보,4
