word,cnt
해안,155
축제,153
여행,141
날씨,124
한국,115
신간,100
제주,94
남쪽,90
지역,79
예술,78
구름,76
시간,75
전국,74
서울,73
공연,71
주말,70
주의보,69
열리다,69
연주,67
세상,63
즐기다,63
영화,62
개최,60
동안,59
먼지,57
위하다,57
걷기,53
미세,53
충북,53
퍼센트,53
개막,52
인기,52
시작,51
국제,51
영하,51
관광객,50
문화,50
배우다,50
강원,49
작가,46
세기,46
배우,46
오후,45
작품,45
내일,45
아침,45
베스트셀러,45
행사,44
제주도,44
기온,44
사진,43
한파,42
내리다,42
이야기,41
부산,41
올림픽,41
소설,41
지원,41
운동,40
문학,40
진행,39
발령,38
자전거,37
경북,37
콘서트,37
사랑,37
피아노,37
클래식,36
영향,36
바람,36
떨어지다,36
출간,35
현대,35
미술,35
오전,34
아트,33
무료,33
수상,33
박물관,33
경기,33
힐링,32
과학,32
가을,32
스타,31
사람,31
북쪽,31
주년,31
미래,31
겨울,31
사우디아라비아,30
예상,30
얼음,30
증가,30
전북,30
인도,30
일본,30
최고,30
북한,30
그림,29
에세이,29
떠나다,29
국내,29
지방,29
공개,29
소식,28
산천어,28
전통,28
기록,28
이상,27
온도,27
시민,27
해제,26
만화,26
할인,26
이전,26
뉴스,26
고속,26
게시판,26
대하다,26
영화제,26
올해,25
보내다,25
독립,25
한류,25
기념,25
소리,25
우주,25
그치다,24
장마,24
강수량,24
세계,24
장례식,24
관심,23
관찰,23
영상,23
보도,23
지속,23
레스토랑,23
연극,23
현실,23
하루,23
여성,23
마지막,22
도전,22
밀리미터,22
중부,22
만나다,22
트렌드,22
감사,22
특별,22
역사,22
거리,22
오존,21
가족,21
경보,21
생각,21
모습,21
평화,21
새해,20
더위,20
동물,20
참여,20
왕실,20
청주,20
체험,20
하늘,20
오르다,20
음악,20
관찰자,19
극단,19
따르다,19
마을,19
모스크바,19
수도원,19
방송,19
호텔,19
셰프,19
태풍,19
우리나라,19
전라,19
선보이다,19
시인,19
한반도,19
여름,19
관광,19
대부분,19
뮤지컬,19
아리다,19
국립,19
북부,19
방문,19
특보,18
전투,18
뛰어나다,18
가능,18
이후,18
황금,18
내년,18
자선,18
폐암,18
금지,18
청춘,18
주최,18
장군,18
합창단,18
울산,18
선생,18
통하다,18
노래,18
분석,17
기상,17
대회,17
무더위,17
피서,17
주의,17
시대,17
예보,17
계속,17
평년,17
치유,17
연속,17
항공,17
수요,17
기획,17
호우,16
동해안,16
이름,16
교사,16
희생자,16
전송,16
전시회,16
준비,16
페스티벌,16
게시물,16
기자,16
년대,16
위성,16
주간,16
셀러,16
완벽,16
베네수엘라,16
이민자,16
기적,16
서울시,16
기도,16
전역,16
민주주의,16
최대,16
오늘,16
투어,16
골프,15
코로나,15
사진전,15
경기도,15
재즈,15
수묵,15
터미널,15
사건,15
드라마,15
일부,15
남부,15
베를린,15
오케스트라,15
서부,15
현상,15
나라,15
추위,15
상황,15
습관,15
초미세먼지,15
충남,15
강풍,15
소나기,15
개장,15
청년,15
한인,14
진주,14
스트레스,14
공항,14
연휴,14
산책,14
나오다,14
최초,14
교실,14
그리스,14
해외,14
코믹,14
대비,14
순환,14
연산,14
한국문화원,14
주터키,14
개원,14
아놀트,14
외국인,14
끝나다,14
이벤트,14
이용,14
썰매,14
코리아,14
남해안,14
찾아오다,14
연구,14
규모,14
어리석다,14
추석,13
벽화,13
육식,13
창단,13
음악제,13
풍랑,13
추천,13
기다리다,13
홍보,13
식사,13
관광지,13
소개,13
날리다,13
용산,13
휴일,13
게임,13
수준,13
배달,13
열대야,13
부르다,13
전시,13
해수욕장,13
감독,13
창조,13
축구,13
내달,12
협회,12
나흘,12
하루키,12
체험자,12
고전,12
간격,12
군대,12
색상,12
폭염,12
찜통더위,12
개관,12
조선,12
회의,12
고기,12
제공,12
판매,12
유지,12
처음,12
내려가다,12
재단,12
미치다,12
돌아오다,12
최저,12
대륙,12
견디다,12
열대,12
미술관,12
수능,12
이란,12
선택,12
달러,11
바꾸다,11
새벽,11
비엔날레,11
춘천,11
와인,11
보이다,11
반지,11
소셜,11
미디어,11
발생,11
흥미,11
스노우보드,11
아이,11
롯데백화점,11
퍼펙트 웨딩,11
정도,11
아이디어,11
튜브,11
승객,11
감시,11
반영,11
부도,11
이마,11
교육,11
생일,11
매진,11
수상자,11
제작,11
강릉,11
대전,11
제한,11
개발,11
미국,11
대통령,11
일상,10
판타지,10
모으다,10
실패,10
